review_id,date,branch,platform,rating,review_text,sentiment,topic
ZB-00001,2026-01-01,Saddar,Google,5,"Naan was soft and the gravy was rich, quick service, they remembered our order perfectly 👍",positive,food
ZB-00002,2026-01-01,Saddar,Instagram,1,"Birthday dinner here. Biryani mein masala bohat kam tha, bekar taste.",negative,food
ZB-00003,2026-01-01,DHA,Google,3,Portion was decent but flavour was ordinary.,neutral,food
ZB-00004,2026-01-01,Gulshan,Foodpanda,1,Second time here. Wrong item delivere and no one picked my call!,negative,delivery
ZB-00005,2026-01-01,Gulshan,Instagram,4,"Ordered on Friday night. Staff was very polite and helpful, beautiful decor and comfortable seating.",positive,service
ZB-00006,2026-01-01,Clifton,Google,5,"Dost ke saath gaye thay. Rider bohat polite tha, time pe aya order!",positive,delivery
ZB-00007,2026-01-01,Gulshan,Google,4,"Birthday dinner here. Manager personally checked on us, great service 👍",positive,service
ZB-00008,2026-01-01,DHA,Foodpanda,1,Went with family. Rider late aya aur order adhoora tha 😞,negative,delivery
ZB-00009,2026-01-02,DHA,Facebook,1,"Birthday dinner here. Floor was sticky and the place smelled bad, waiter was rude and ignored us.",negative,cleanliness
ZB-00010,2026-01-02,Saddar,Google,1,"Visited for lunch. They got our order wrong twice, no apology, order wapis cancel karna para, delivery bohat late thi.",negative,service
ZB-00011,2026-01-02,DHA,Foodpanda,5,"Ordered on Friday night. Safai ka bohat khayal rakha gaya, washrooms clean 👍",positive,cleanliness
ZB-00012,2026-01-02,DHA,Foodpanda,5,Second time here. Naan was soft and the gravy was rich.,positive,food
ZB-00013,2026-01-02,Gulshan,Foodpanda,3,"Second time here. Cleanliness was acceptable, could be better.",neutral,cleanliness
ZB-00014,2026-01-02,Saddar,Foodpanda,4,"Second time here. Quick service, they remembered our order perfectly!",positive,service
ZB-00015,2026-01-02,Clifton,Google,1,"Found hair in the food, very unhygienic!",negative,cleanliness
ZB-00016,2026-01-02,Gulshan,Instagram,5,Ordered on Friday night. Delivery was super fast and food arrived hot.,positive,delivery
ZB-00017,2026-01-03,Clifton,Instagram,3,"Taste theek tha, bas average.",neutral,food
ZB-00018,2026-01-03,Saddar,Instagram,4,"Ordered on Friday night. Fresh and hot food, loved every bite 👍",positive,food
ZB-00019,2026-01-03,Saddar,Google,5,"Khana bohat tasty tha, dil khush ho gaya 👍",positive,food
ZB-00020,2026-01-03,DHA,Facebook,1,"Safai ka bohat khayal rakha gaya, washrooms clean, but prices bohat zyada hain, paisa wasool nahi.",negative,price
ZB-00021,2026-01-03,Gulshan,Foodpanda,5,"Order 25 minute mein pohanch gaya, great 👍",positive,delivery
ZB-00022,2026-01-03,Gulshan,Instagram,3,"Ordered on Friday night. Jagah theek thi, normal environment.",neutral,ambiance
ZB-00023,2026-01-03,Clifton,Instagram,3,"Second time here. Staff theek tha, thora slow.",neutral,service
ZB-00024,2026-01-04,DHA,Google,3,"Birthday dinner here. Food was okay, nothing special.",neutral,food
ZB-00025,2026-01-04,DHA,Instagram,4,"Dost ke saath gaye thay. Waiter ka behavior bohat acha tha, safai ka bohat khayal rakha gaya, washrooms clean!",positive,service
ZB-00026,2026-01-04,DHA,Instagram,2,"Visited for lunch. Service bohat slow thi, 45 minute wait kiya.",negative,service
ZB-00027,2026-01-04,North Nazimabad,Instagram,5,"Second time here. Rider bohat polite tha, time pe aya order 👍",positive,delivery
ZB-00028,2026-01-04,Saddar,Instagram,4,"Manager personally checked on us, great service.",positive,service
ZB-00029,2026-01-04,Clifton,Foodpanda,1,"Seating was uncomforable and lighting too harsh, staff behaviour was unprofessional.",negative,ambiance
ZB-00030,2026-01-04,Clifton,Google,1,"Birthday dinner here. Lovely ambiance, perfect for family dinner, but tables were dirty and washroom was awful!",negative,cleanliness
ZB-00031,2026-01-04,Saddar,Foodpanda,4,Visited for lunch. Naan was soft and the gravy was rich.,positive,food
ZB-00032,2026-01-05,Gulshan,Facebook,2,Second time here. Wrong item delivered and no one picked my call.,negative,delivery
ZB-00033,2026-01-05,Gulshan,Facebook,5,"Ordered on Friday night. Very clean restaurant, tables spotless!",positive,cleanliness
ZB-00034,2026-01-05,Clifton,Instagram,5,"Birthday dinner here. Great rooftop view, very relaxing vibe, rider bohat polite tha, time pe aya order.",positive,ambiance
ZB-00035,2026-01-05,Gulshan,Google,3,"Ambiance was okay, simple setup!",neutral,ambiance
ZB-00036,2026-01-05,Gulshan,Google,5,Birthday dinner here. Delivery was super fast and food arrived hot!,positive,delivery
ZB-00037,2026-01-05,Saddar,Foodpanda,5,"Visited for lnch. Great value for money, big portions!",positive,price
ZB-00038,2026-01-05,Gulshan,Foodpanda,5,"Visited for lunch. Worth every rupee, the family deal is excellent!",positive,price
ZB-00039,2026-01-06,North Nazimabad,Instagram,2,"They got our order wrong twice, no apology, rider late aya aur order adhoora tha.",negative,service
ZB-00040,2026-01-06,North Nazimabad,Google,5,"Fresh and hot food, loved every bite.",positive,food
ZB-00041,2026-01-06,Clifton,Foodpanda,5,"Khana bohat tasty tha, dil khush ho gaya.",positive,food
ZB-00042,2026-01-06,North Nazimabad,Google,2,Dost ke saath gaye thay. Overpriced compared to other places in Karachi.,negative,price
ZB-00043,2026-01-06,Gulshan,Instagram,4,Ordered on Friday night. Waiter ka behavior bohat acha tha.,positive,service
ZB-00044,2026-01-06,Gulshan,Facebook,2,Went with family. Karahi was too oily and salty 😞,negative,food
ZB-00045,2026-01-06,Gulshan,Facebook,2,"Visited for lunch. Packaging was leaking, gravy everywhere 😞",negative,delivery
ZB-00046,2026-01-06,North Nazimabad,Foodpanda,5,"Went with family. Rider bohat polite tha, time pe aya order, great value for money, big portions 👍",positive,delivery
ZB-00047,2026-01-07,Gulshan,Facebook,3,"Went wth family. Portion was decent but flavour was ordinary, staff theek tha, thora slow.",neutral,food
ZB-00048,2026-01-07,Clifton,Facebook,5,"Ordered on Friday night. Khanabohat tasty tha, dil khush ho gaya.",positive,food
ZB-00049,2026-01-07,North Nazimabad,Facebook,4,Second time here. Naan was soft and the gravy was rich 👍,positive,food
ZB-00050,2026-01-07,North Nazimabad,Google,5,Waiter ka behavior bohat acha tha 👍,positive,service
ZB-00051,2026-01-07,DHA,Google,3,Portion was decent but flavour was ordinary.,neutral,food
ZB-00052,2026-01-07,Gulshan,Google,5,"Second time here. Manager personally checked on us, great service!",positive,service
ZB-00053,2026-01-07,Gulshan,Facebook,1,Second time here. Karahi was too oily and salty!,negative,food
ZB-00054,2026-01-07,Clifton,Foodpanda,3,Second time here. Prices are average for this area.,neutral,price
ZB-00055,2026-01-07,Clifton,Instagram,3,"Birthday dinner here. Food was okay, nothing special.",neutral,food
ZB-00056,2026-01-08,Gulshan,Google,2,"Dost ke saath gaye thay. Safai ka bohat khayal rakha gaya, washrooms clan, but order wapis cancel karna para, delivery bohat late thi.",negative,delivery
ZB-00057,2026-01-08,Gulshan,Foodpanda,2,Went with family. Delivery took over 90 minutes and food was cold.,negative,delivery
ZB-00058,2026-01-08,Clifton,Foodpanda,5,"Manager personally checked on us, great service, delivery was super fast and food arrived hot.",positive,service
ZB-00059,2026-01-08,Saddar,Google,5,"Birthday dinner here. Khana bohat tasty tha, dil khush ho gaya!",positive,food
ZB-00060,2026-01-08,North Nazimabad,Foodpanda,5,"Birthday dinner here. Karahi bohat zabardast thi, taste lajawab!",positive,food
ZB-00061,2026-01-08,Gulshan,Google,5,"Order 25 minute mein pohanch gaya, great 👍",positive,delivery
ZB-00062,2026-01-09,Saddar,Google,3,"Second time here. Fair pricing, nothing amazing.",neutral,price
ZB-00063,2026-01-09,DHA,Foodpanda,5,"Hygiene standards were great, staff wore gloves.",positive,cleanliness
ZB-00064,2026-01-09,Gulshan,Google,1,Wrong item delivered and no one picked my call!,negative,delivery
ZB-00065,2026-01-09,DHA,Facebook,4,"Order 25 minute mein pohanch gaya, great!",positive,delivery
ZB-00066,2026-01-09,DHA,Foodpanda,5,"Visitedfor lunch. Manager personally checked on us, great service, order 25 minute mein pohanch gaya, great 👍",positive,service
ZB-00067,2026-01-09,Gulshan,Instagram,2,Delivery took over 90 minutes and food was cold 😞,negative,delivery
ZB-00068,2026-01-09,Clifton,Facebook,4,"Prices bilkul reasonable hain, deal zabardast.",positive,price
ZB-00069,2026-01-09,DHA,Foodpanda,4,Visited for lunch. Staff was very polite and helpful 👍,positive,service
ZB-00070,2026-01-09,Gulshan,Foodpanda,5,"Went with family. Prices bilkul reasonable hain, deal zabardast 👍",positive,price
ZB-00071,2026-01-10,Saddar,Google,2,Floor wa sticky and the place smelled bad 😞,negative,cleanliness
ZB-00072,2026-01-10,Clifton,Google,3,"Second time here. Delivery okay, food arrived lukewarm!",neutral,delivery
ZB-00073,2026-01-10,North Nazimabad,Instagram,2,Ordered on Friday night. Karahi was too oily and salty!,negative,food
ZB-00074,2026-01-10,North Nazimabad,Instagram,5,"Prices bilkul reasonable hain, deal zabardast 👍",positive,price
ZB-00075,2026-01-10,Clifton,Google,4,"Went with family. The biryani was amazing, perfectly spiced.",positive,food
ZB-00076,2026-01-10,Gulshan,Google,4,"Dost ke saath gaye thay. Great value for money, big portions.",positive,price
ZB-00077,2026-01-10,Saddar,Instagram,1,Way too expensive for the portion size.,negative,price
ZB-00078,2026-01-10,Gulshan,Google,5,Birthday dinner here. Delivery was super fast and food arrived hot!,positive,delivery
ZB-00079,2026-01-10,DHA,Instagram,3,Decent place but nothing memorable!,neutral,ambiance
ZB-00080,2026-01-10,North Nazimabad,Google,5,Second time here. Naan was soft and the gravy was rich 👍,positive,food
ZB-00081,2026-01-11,North Nazimabad,Google,4,Packaging was neat and delivery on time.,positive,delivery
ZB-00082,2026-01-11,Saddar,Facebook,5,Birthday dinner ere. Waiter ka behavior bohat acha tha.,positive,service
ZB-00083,2026-01-11,Gulshan,Google,1,"Service bohat slow thi, 45 minute wait kiya, delivery took over 90 minutes and food was cold 😞",negative,service
ZB-00084,2026-01-11,Saddar,Google,4,Naan was soft and the gravy was rich 👍,positive,food
ZB-00085,2026-01-11,DHA,Google,5,Birthday dinner here. Delivery was super fast and food arrived hot 👍,positive,delivery
ZB-00086,2026-01-11,Gulshan,Foodpanda,3,"Rider theek tha, order thora late aya.",neutral,delivery
ZB-00087,2026-01-11,Saddar,Foodpanda,3,"Second time here Rider theek tha, order thora late aya!",neutral,delivery
ZB-00088,2026-01-12,Clifton,Google,4,Went with family. Staff was very polite and helpful 👍,positive,service
ZB-00089,2026-01-12,North Nazimabad,Google,4,"Khana bohat tasty tha, dil khush ho gaya!",positive,food
ZB-00090,2026-01-12,Saddar,Foodpanda,1,"Dost ke saath gaye thay. Beautiful decor and comfortable seating, but safai bohat kharab thi, makhiyan thin!",negative,cleanliness
ZB-00091,2026-01-12,DHA,Google,2,Way too expensive for the portion size 😞,negative,price
ZB-00092,2026-01-12,DHA,Google,3,"Went with family. Waiters were fine but a bit busy, prices are average for this area.",neutral,service
ZB-00093,2026-01-12,North Nazimabad,Instagram,4,"Went with family. Great value for money, big portions.",positive,price
ZB-00094,2026-01-12,Clifton,Foodpanda,5,"Mahol bohat acha tha, music aur seating lajawab.",positive,ambiance
ZB-00095,2026-01-12,DHA,Facebook,1,Way too expensive for the portion size 😞,negative,price
ZB-00096,2026-01-12,Saddar,Facebook,1,Went with family. Tables were dirty and washroom was awful.,negative,cleanliness
ZB-00097,2026-01-12,Saddar,Instagram,4,Dost ke saath gaye thay. Staff was very polite and helpful!,positive,service
ZB-00098,2026-01-12,DHA,Google,5,Second time here. Waiter ka behavior bohat acha tha.,positive,service
ZB-00099,2026-01-12,Saddar,Google,5,"Visited for lunch. Great value for money, big portions.",positive,price
ZB-00100,2026-01-13,North Nazimabad,Google,4,Ordered on Friday nght. Waiter ka behavior bohat acha tha.,positive,service
ZB-00101,2026-01-13,DHA,Facebook,4,"Dost ke saath gaye thay. Hygiene standards were great, staff wore gloves.",positive,cleanliness
ZB-00102,2026-01-13,Saddar,Facebook,5,"Second time here. The biryani was amazing, perfectly spiced 👍",positive,food
ZB-00103,2026-01-13,DHA,Facebook,1,"Chicken was undercooked, very disappointing 😞",negative,food
ZB-00104,2026-01-13,North Nazimabad,Foodpanda,3,Visited for lunch. Decent place but nothing memorable.,neutral,ambiance
ZB-00105,2026-01-13,Gulshan,Instagram,3,"Second time here. Delivery okay, food arrived lukewarm.",neutral,delivery
ZB-00106,2026-01-13,Clifton,Facebook,5,Visited for lunch. Delivery was super fast and food arrived hot 👍,positive,delivery
ZB-00107,2026-01-14,Gulshan,Foodpanda,5,Second time here. Waiter ka behavior bohat acha tha 👍,positive,service
ZB-00108,2026-01-14,Saddar,Facebook,3,"Portion was decent but flavour was ordinary, staff theek tha, thora slow.",neutral,food
ZB-00109,2026-01-14,Gulshan,Facebook,4,"Second time here. Great value for money, big portions.",positive,price
ZB-00110,2026-01-14,North Nazimabad,Instagram,5,"Ordered on Friday night. Naan was soft and the gravy was rich, worth every rupee, the family deal is excellent.",positive,food
ZB-00111,2026-01-14,DHA,Instagram,3,"Ordered on Friday night. Food was okay, nothing special!",neutral,food
ZB-00112,2026-01-15,Clifton,Google,2,"Second time here. Service bohat slow thi, 45 minute wait kiya!",negative,service
ZB-00113,2026-01-15,Saddar,Google,1,Second time here. Wrong item delivered and no one picked my call.,negative,delivery
ZB-00114,2026-01-15,DHA,Google,3,"Taste theek tha, bas average.",neutral,food
ZB-00115,2026-01-15,Clifton,Google,5,"Khana bohat tasty tha, dil khush ho gaya.",positive,food
ZB-00116,2026-01-15,Saddar,Google,5,"Dost ke saath gaye thay. Lovely ambiance, perfect for family dinner!",positive,ambiance
ZB-00117,2026-01-15,Gulshan,Google,1,"Visited for lunch. Chicken was undercooked, very disappointing.",negative,food
ZB-00118,2026-01-15,Gulshan,Google,1,"Found hair in the food, very unhygienic 😞",negative,cleanliness
ZB-00119,2026-01-15,Saddar,Instagram,3,"Visited for lunch. Service was average, not bad not great.",neutral,service
ZB-00120,2026-01-15,Gulshan,Google,5,"Worth every rupee, the family deal is excellent.",positive,price
ZB-00121,2026-01-16,North Nazimabad,Facebook,1,"Ordered on Friday night. Found hair in the food, very unhygienic.",negative,cleanliness
ZB-00122,2026-01-16,DHA,Google,1,Khanabilkul baasi lag raha tha.,negative,food
ZB-00123,2026-01-16,Gulshan,Instagram,2,"Dost ke saath gaye thay. Hidden charges added to the bill, very disappointing!",negative,price
ZB-00124,2026-01-16,North Nazimabad,Foodpanda,1,"AC kharab tha, bohat garmithi.",negative,ambiance
ZB-00125,2026-01-16,North Nazimabad,Facebook,1,Went with family. Khana bilkul baasi lag raha tha.,negative,food
ZB-00126,2026-01-16,North Nazimabad,Facebook,4,Waiter ka behavior bohat acha tha.,positive,service
ZB-00127,2026-01-16,Clifton,Foodpanda,1,"Went with family. Chicken was undercooked, very disappointing.",negative,food
ZB-00128,2026-01-17,Saddar,Instagram,4,"Visited for lunch. Quick service, they remembered our order perfectly 👍",positive,service
ZB-00129,2026-01-17,Gulshan,Google,1,Visited for lunch. Wrong item delivered and no one picked my call 😞,negative,delivery
ZB-00130,2026-01-17,DHA,Facebook,5,"Second time here. Great value for money, big portions, staff was very polite and helpful 👍",positive,price
ZB-00131,2026-01-17,DHA,Instagram,2,"Second time here. They got our order wrong twice, no apology.",negative,service
ZB-00132,2026-01-17,Gulshan,Google,5,Staff was very polite and helpful.,positive,service
ZB-00133,2026-01-17,Clifton,Facebook,3,Decent place but nothing memorable.,neutral,ambiance
ZB-00134,2026-01-17,Gulshan,Instagram,5,"Visited for lunch. Khana bohat tasty tha, dil khush ho gaya, great value for money, big portions.",positive,food
ZB-00135,2026-01-17,Gulshan,Google,5,"Ordered on Friday night.Quick service, they remembered our order perfectly, delivery was super fast and food arrived hot.",positive,service
ZB-00136,2026-01-17,North Nazimabad,Facebook,2,Second time here. Rider late aya aur order adhoora tha.,negative,delivery
ZB-00137,2026-01-17,Saddar,Instagram,2,"Dost ke saath gaye thay. AC kharab tha, bohat garmi thi.",negative,ambiance
ZB-00138,2026-01-17,Saddar,Google,4,Visited for lunch. Waiter ka behavior bohat acha tha 👍,positive,service
ZB-00139,2026-01-17,North Nazimabad,Foodpanda,2,Dost ke saath gaye thay. Waiter was rude and ignored us.,negative,service
ZB-00140,2026-01-18,Clifton,Facebook,1,Dost ke saath gaye thay. Wrong item deliered and no one picked my call.,negative,delivery
ZB-00141,2026-01-18,Saddar,Foodpanda,4,"Visited for lunch. Khana bohat tasty tha, dil khush ho gaya, rider bohat polite tha, time pe aya order.",positive,food
ZB-00142,2026-01-18,Clifton,Instagram,5,"Fresh and hot food, loved every bite, great value for money, big portions.",positive,food
ZB-00143,2026-01-18,Saddar,Google,2,Visited for lunch. Staff behaviour was unprofessional!,negative,service
ZB-00144,2026-01-18,DHA,Instagram,5,"Ordered on Friday night. Rider bohat polite tha, time pe aya order.",positive,delivery
ZB-00145,2026-01-18,Gulshan,Instagram,5,"Manager personally checked on us, great service 👍",positive,service
ZB-00146,2026-01-18,Saddar,Facebook,4,"Visited for lunch. Quick service, they remembered our order perfectly 👍",positive,service
ZB-00147,2026-01-18,North Nazimabad,Instagram,4,"Dost ke saath gaye thay. Order 25 minute mein pohanch gaya, great, beautiful decor and comfortable seating!",positive,delivery
ZB-00148,2026-01-18,Gulshan,Foodpanda,2,"Biryani mein masala bohat kam tha, bekar taste.",negative,food
ZB-00149,2026-01-18,Saddar,Facebook,5,"Second time here. Khana bohat tasty tha, dil khush ho gaya 👍",positive,food
ZB-00150,2026-01-19,Gulshan,Foodpanda,2,"Service bohat slow thi, 45 minute wait kiya.",negative,service
ZB-00151,2026-01-19,North Nazimabad,Foodpanda,5,"Worth every rupee, the family deal is excellent.",positive,price
ZB-00152,2026-01-19,Saddar,Instagram,1,Dost ke saath gaye thay. Floor was sticky and the place smelledbad 😞,negative,cleanliness
ZB-00153,2026-01-19,DHA,Instagram,4,Delivery was super fast and food arrived hot.,positive,delivery
ZB-00154,2026-01-19,Clifton,Facebook,5,Ordered on Friday night. Naan was soft and the gravy was rich!,positive,food
ZB-00155,2026-01-19,Gulshan,Foodpanda,3,"Dost ke saath gaye thay. Jagah theek thi, normal environment.",neutral,ambiance
ZB-00156,2026-01-19,Saddar,Instagram,2,"Dost ke saath gaye thay. Prices bohat zyada hain, paisa wasool nahi!",negative,price
ZB-00157,2026-01-19,North Nazimabad,Instagram,4,"Worth every rupee, the family deal is excellent, hygiene standards were great, staff wore gloves!",positive,price
ZB-00158,2026-01-19,Clifton,Facebook,4,"Khana bohat tasty tha, dil khush ho gaya.",positive,food
ZB-00159,2026-01-20,Clifton,Facebook,4,Birthday dinner here. Beautiful decor and comfortable seating.,positive,ambiance
ZB-00160,2026-01-20,Gulshan,Foodpanda,3,Waiters were fine but a bit busy!,neutral,service
ZB-00161,2026-01-20,Clifton,Foodpanda,2,Birthday dinner here. Waiter was rude and ignored us 😞,negative,service
ZB-00162,2026-01-20,North Nazimabad,Google,5,"Visited for lunch. Worth every rupee, the family deal is excellent!",positive,price
ZB-00163,2026-01-20,Clifton,Facebook,4,"Ordered on Friday night. The biryani was amazing, perfectly spiced.",positive,food
ZB-00164,2026-01-20,Saddar,Foodpanda,3,"Birthday dinner here. Staff theek tha, thora slow.",neutral,service
ZB-00165,2026-01-20,DHA,Foodpanda,2,"Ordered on Friday night. They got our order wrong twice, no apology, seating was uncomfortable and lighting too harsh.",negative,service
ZB-00166,2026-01-20,Clifton,Foodpanda,4,Visited for lunch. Naan was soft and the gravy was rich.,positive,food
ZB-00167,2026-01-20,Gulshan,Facebook,1,"Went with family. Packaging was leaking, gravy everywhere.",negative,delivery
ZB-00168,2026-01-20,Clifton,Google,2,Visited for lunch. Floor was sticky and the place smelled bad 😞,negative,cleanliness
ZB-00169,2026-01-20,Gulshan,Facebook,1,Dost ke saath gaye thay. Waiter was rude and ignored us.,negative,service
ZB-00170,2026-01-20,DHA,Facebook,5,"Order 25 minute mein pohanch gaya, great 👍",positive,delivery
ZB-00171,2026-01-20,North Nazimabad,Instagram,5,Dost ke saath gaye thay. Delivery was super fast and food arrived hot.,positive,delivery
ZB-00172,2026-01-21,DHA,Instagram,3,"Delivery okay, food arrived lukewarm!",neutral,delivery
ZB-00173,2026-01-21,Clifton,Google,4,"Prices bilkul reasonable hain, deal zabardast 👍",positive,price
ZB-00174,2026-01-21,Gulshan,Facebook,2,"Birthday dinner here. Biryani mein masala bohat kam tha, bekar taste.",negative,food
ZB-00175,2026-01-21,Clifton,Google,5,"Manager personally checked o us, great service.",positive,service
ZB-00176,2026-01-21,Clifton,Instagram,1,Karahi was too oily and salty 😞,negative,food
ZB-00177,2026-01-21,North Nazimabad,Foodpanda,2,"Visited for lunch. Hidden charges added to the bill, very disappointing.",negative,price
ZB-00178,2026-01-21,Clifton,Instagram,4,"Went with family. Lovely ambiance, perfect for family dinner.",positive,ambiance
ZB-00179,2026-01-21,Gulshan,Facebook,1,Second time here. Khana bilkul baasi lag raha tha.,negative,food
ZB-00180,2026-01-22,Clifton,Google,3,"Visited for lunch. Fair pricing, nothing amazing.",neutral,price
ZB-00181,2026-01-22,Saddar,Foodpanda,4,"Second time here. Khana bohat tasty tha, dil khush ho gaya 👍",positive,food
ZB-00182,2026-01-22,DHA,Google,5,"Order 25 minute mein pohanch gaya, great!",positive,delivery
ZB-00183,2026-01-22,Saddar,Foodpanda,5,"Went with family. Manager personally checked on us, great service, rider bohat polite tha, time pe aya order!",positive,service
ZB-00184,2026-01-22,Gulshan,Facebook,2,Ordered on Friday night. Delivery took over 90 minutes and food was cold.,negative,delivery
ZB-00185,2026-01-22,North Nazimabad,Google,5,"Mahol bohat acha tha, music aur seating lajawab!",positive,ambiance
ZB-00186,2026-01-22,North Nazimabad,Google,4,Staff was very polite and helpful.,positive,service
ZB-00187,2026-01-22,Gulshan,Instagram,5,Dost ke saath gaye thay. Packaging was neat and delivery on time!,positive,delivery
ZB-00188,2026-01-23,DHA,Foodpanda,3,Visited for lunch. Portion was decent but flavour was ordinary.,neutral,food
ZB-00189,2026-01-23,Clifton,Instagram,5,"Second time here. Order 25 minute mein pohanch gaya, great, safai ka bohat khayal rakha gaya, washrooms clean.",positive,delivery
ZB-00190,2026-01-23,Saddar,Google,3,"Ordered on Friday night. Cleanliness was acceptable, could be better!",neutral,cleanliness
ZB-00191,2026-01-24,Clifton,Instagram,5,Second time here. Beautiful decor and comfortable seating 👍,positive,ambiance
ZB-00192,2026-01-24,DHA,Instagram,5,"Went with family. Order 25 minute mein pohanch gaya, great.",positive,delivery
ZB-00193,2026-01-24,Saddar,Google,5,"Ordered on Friday night. Rider bohat polite tha, time pe aya order.",positive,delivery
ZB-00194,2026-01-24,Clifton,Foodpanda,2,Karahi was too oily and salty.,negative,food
ZB-00195,2026-01-24,Gulshan,Foodpanda,5,"Ordered on Friday night. Rider bohat polite tha, time pe aya order.",positive,delivery
ZB-00196,2026-01-25,Gulshan,Facebook,4,Naan was soft and the gravy was rich!,positive,food
ZB-00197,2026-01-25,DHA,Foodpanda,5,"Visited for lunch. Lovely ambiance, perfect for family dinner.",positive,ambiance
ZB-00198,2026-01-25,North Nazimabad,Instagram,3,Birthday dinner here. Prices are average for this area.,neutral,price
ZB-00199,2026-01-25,Gulshan,Instagram,5,"Second time here. Quick service, they remembered our order perfectly!",positive,service
ZB-00200,2026-01-25,Gulshan,Facebook,4,"Great value for money, big portions, waiter ka behavior bohat acha tha!",positive,price
ZB-00201,2026-01-25,North Nazimabad,Google,4,Beautiful decor and comfortable seating.,positive,ambiance
ZB-00202,2026-01-26,North Nazimabad,Foodpanda,2,Dost ke saath gaye thay. Khana bilkul baasi lag raha tha!,negative,food
ZB-00203,2026-01-26,DHA,Google,5,"Ordered on Friday night. Lovely ambiance, perfect for family dinner!",positive,ambiance
ZB-00204,2026-01-26,North Nazimabad,Foodpanda,4,"Very clean restaurant, tables spotless.",positive,cleanliness
ZB-00205,2026-01-26,North Nazimabad,Foodpanda,1,"Ordered on Friday night. Order waps cancel karna para, delivery bohat late thi.",negative,delivery
ZB-00206,2026-01-26,North Nazimabad,Foodpanda,3,"Dost ke saath gaye thay. Rider theek tha, order thora late aya!",neutral,delivery
ZB-00207,2026-01-26,Saddar,Facebook,4,"Second time here. Karahi bohat zabardast thi, taste lajawab 👍",positive,food
ZB-00208,2026-01-26,Gulshan,Facebook,5,Waiter ka behavior bohat acha tha!,positive,service
ZB-00209,2026-01-26,North Nazimabad,Facebook,1,Visited for lunch. Wrong item delivered and no one picked my call.,negative,delivery
ZB-00210,2026-01-27,Gulshan,Foodpanda,3,Prices are average for this area.,neutral,price
ZB-00211,2026-01-27,DHA,Instagram,4,"Visited for lunch. Safai ka bohat khayal rakha gaya, washrooms clean!",positive,cleanliness
ZB-00212,2026-01-27,Clifton,Facebook,5,"Went with family. Mahol bohat acha tha, music aur seating lajawab.",positive,ambiance
ZB-00213,2026-01-27,Clifton,Google,5,"Birthday dinner here. The biryani was amazing, perfectly spiced 👍",positive,food
ZB-00214,2026-01-27,Clifton,Instagram,1,Second time here. Waiter was rude and ignored us 😞,negative,service
ZB-00215,2026-01-27,Gulshan,Google,5,Visited for lunch. Naan was soft and the gravy was rich 👍,positive,food
ZB-00216,2026-01-28,Clifton,Instagram,1,Khana bilkul baasi lag raha tha 😞,negative,food
ZB-00217,2026-01-28,Gulshan,Google,5,Visited for lunch. Staff was very polite and helpful!,positive,service
ZB-00218,2026-01-28,North Nazimabad,Google,1,Seating was uncomfortable and lighting too harsh.,negative,ambiance
ZB-00219,2026-01-28,North Nazimabad,Foodpanda,5,"Dost ke saath gaye thay. Karahi bohat zabardast thi, taste lajawab 👍",positive,food
ZB-00220,2026-01-28,DHA,Instagram,4,"Quick service, they remembered our order perfectly!",positive,service
ZB-00221,2026-01-28,DHA,Instagram,5,"Very clean restaurant, tables spotless.",positive,cleanliness
ZB-00222,2026-01-28,DHA,Instagram,2,"Second time here. The biryani was amazing, perfectly spiced, but delivery took over 90 minutes and food was cold!",negative,delivery
ZB-00223,2026-01-28,Clifton,Instagram,5,"Manager personally checked on us, great service.",positive,service
ZB-00224,2026-01-28,DHA,Foodpanda,5,Birthday dinner here. Staff was very polite and helpful.,positive,service
ZB-00225,2026-01-28,Gulshan,Facebook,3,Went with family. Delivery was on time but packaging was basic!,neutral,delivery
ZB-00226,2026-01-28,Saddar,Facebook,4,"Order 25 minute mein pohanch gaya, great.",positive,delivery
ZB-00227,2026-01-29,North Nazimabad,Instagram,2,"Packaging was leaking, gravy everywhere 😞",negative,delivery
ZB-00228,2026-01-29,Gulshan,Facebook,1,Wrong item delivered and no one picked my call.,negative,delivery
ZB-00229,2026-01-29,North Nazimabad,Facebook,2,Overpriced compared to other places in Karachi!,negative,price
ZB-00230,2026-01-29,Gulshan,Google,5,"Second time here. Rider bohat polite tha, time pe aya order 👍",positive,delivery
ZB-00231,2026-01-29,Saddar,Instagram,4,"Hygiene standards were great, staff wore gloves.",positive,cleanliness
ZB-00232,2026-01-29,Gulshan,Foodpanda,2,Rider late aya aur order adhoora tha!,negative,delivery
ZB-00233,2026-01-29,Gulshan,Google,2,"Ordered on Friday night. Order wapis cancel karna para, delivery bohat late thi.",negative,delivery
ZB-00234,2026-01-29,Clifton,Google,3,"Visited for lunch. Taste theek tha, bas average.",neutral,food
ZB-00235,2026-01-29,Saddar,Google,5,"Order 25 minute mein pohanch gaya, great.",positive,delivery
ZB-00236,2026-01-29,North Nazimabad,Facebook,5,"Safai ka bohat khayal rakha gaya, washrooms clean, prices bilkul reasonable hain, deal zabardast 👍",positive,cleanliness
ZB-00237,2026-01-30,Saddar,Google,2,Floor was sticky and the place smelled bad!,negative,cleanliness
ZB-00238,2026-01-30,DHA,Google,1,Second time here. Way too expensive for the portion size 😞,negative,price
ZB-00239,2026-01-30,Clifton,Facebook,2,"Dost ke saath gaye thay. AC kharab tha, bohat garmi thi 😞",negative,ambiance
ZB-00240,2026-01-30,North Nazimabad,Google,5,"Rider bohat polite tha, time pe aya order.",positive,delivery
ZB-00241,2026-01-30,Gulshan,Facebook,5,"Ordered on Fridy night. Quick service, they remembered our order perfectly.",positive,service
ZB-00242,2026-01-30,Clifton,Facebook,5,"Went with family. Great rooftop view, very relaxing vibe.",positive,ambiance
ZB-00243,2026-01-30,DHA,Facebook,5,Staff was very polite and helpful 👍,positive,service
ZB-00244,2026-01-30,Clifton,Facebook,5,"Birthday dinner here. Karahi bohat zabardast thi, taste lajawab!",positive,food
ZB-00245,2026-01-31,Gulshan,Foodpanda,1,"Biryani mein masala bohat kam tha, bekar taste 😞",negative,food
ZB-00246,2026-01-31,Clifton,Foodpanda,5,Staff was very polite and helpful.,positive,service
ZB-00247,2026-01-31,Clifton,Instagram,5,Went with family. Beautiful decor and comfortable seating.,positive,ambiance
ZB-00248,2026-01-31,Gulshan,Facebook,1,Ordered on Friday night. Seating was uncomfortable and lighting too harsh 😞,negative,ambiance
ZB-00249,2026-01-31,Gulshan,Google,3,"Second time here. Ambiance was okay, simple setup.",neutral,ambiance
ZB-00250,2026-01-31,Saddar,Facebook,1,"Ordered on Friday night. Great value for money, big portions, but waiter was rude and ignored us.",negative,service
ZB-00251,2026-02-01,Gulshan,Instagram,3,"Second time here. Food was okay, nothing special.",neutral,food
ZB-00252,2026-02-01,North Nazimabad,Instagram,5,"Dost ke saath gaye thay. Manager personally checked on us, great service!",positive,service
ZB-00253,2026-02-01,DHA,Foodpanda,5,Staff was very polite and helpful.,positive,service
ZB-00254,2026-02-01,North Nazimabad,Facebook,2,"Birthday dinner here Staff behaviour was unprofessional, packaging was leaking, gravy everywhere!",negative,service
ZB-00255,2026-02-01,Clifton,Foodpanda,5,"Naan was soft and the gravy was rich, very clean restaurant, tables spotless.",positive,food
ZB-00256,2026-02-01,Gulshan,Foodpanda,1,Dost ke saath gaye thay. Delivery took over 90 minutes and food was cold.,negative,delivery
ZB-00257,2026-02-01,Gulshan,Google,5,"Order 25 minute mein pohanch gaya, great.",positive,delivery
ZB-00258,2026-02-01,DHA,Foodpanda,2,Staff behaviour was unprofessional 😞,negative,service
ZB-00259,2026-02-01,Clifton,Foodpanda,4,"Rider bohat polite tha, time pe aya order!",positive,delivery
ZB-00260,2026-02-01,DHA,Facebook,3,"Second time here. Delivery okay, food arrived lukewarm.",neutral,delivery
ZB-00261,2026-02-01,Clifton,Instagram,3,"Birthday dinner here. Decent place but nothing memorable, rider theek tha, order thora late aya.",neutral,ambiance
ZB-00262,2026-02-01,Saddar,Instagram,5,"Birthday dinner here. Order 25 minute mein pohanch gaya, great.",positive,delivery
ZB-00263,2026-02-02,Gulshan,Facebook,5,Naan was soft and the gravy was rich.,positive,food
ZB-00264,2026-02-02,North Nazimabad,Foodpanda,5,"Second time here. Great rooftop view, very relaxing vibe 👍",positive,ambiance
ZB-00265,2026-02-02,Gulshan,Instagram,4,"Naan was soft and the gravy was rich, beautiful decor and comfortable seating.",positive,food
ZB-00266,2026-02-02,DHA,Google,5,"Safai ka bohat khayal rakha gaya, washrooms clean!",positive,cleanliness
ZB-00267,2026-02-02,Gulshan,Instagram,2,The food was cold and tasteless 😞,negative,food
ZB-00268,2026-02-02,Clifton,Google,4,"Second time here. Fresh and hot food, loved every bite.",positive,food
ZB-00269,2026-02-02,North Nazimabad,Facebook,5,"Rider bohat poite tha, time pe aya order.",positive,delivery
ZB-00270,2026-02-02,Clifton,Instagram,4,Second time here. Packaging was neat and delivery on time.,positive,delivery
ZB-00271,2026-02-02,Clifton,Instagram,1,"Birthday dinner here. Order 25 minute mein pohanch gaya, great, but way too expensive for the portion size 😞",negative,price
ZB-00272,2026-02-02,North Nazimabad,Facebook,1,"Went with family. They got our order wrong twice, no apology, ac kharab tha, bohat garmi thi!",negative,service
ZB-00273,2026-02-02,Gulshan,Foodpanda,4,"Ordered on Friday night. Quick service, they remembered our order perfectly.",positive,service
ZB-00274,2026-02-02,DHA,Google,2,Ordered on Friday night. Way too expensive for the portion size!,negative,price
ZB-00275,2026-02-02,Gulshan,Facebook,5,"Great rooftop view, very relaxing vibe.",positive,ambiance
ZB-00276,2026-02-02,Saddar,Foodpanda,5,Went with family. Packaging was neat and delivery on time.,positive,delivery
ZB-00277,2026-02-02,Clifton,Foodpanda,4,Packaging was neat and delivery on time.,positive,delivery
ZB-00278,2026-02-02,Saddar,Instagram,5,"Great value for money, big portions, safai ka bohat khayal rakha gaya, washrooms clean!",positive,price
ZB-00279,2026-02-02,DHA,Instagram,3,"Ordered on Friday night. Taste theek tha, bas average.",neutral,food
ZB-00280,2026-02-03,North Nazimabad,Foodpanda,5,"Birthday dinner here. Order 25 minute mein pohanch gaya, great.",positive,delivery
ZB-00281,2026-02-03,Saddar,Instagram,3,"Visited for lunch. Staff theek tha, thora slow.",neutral,service
ZB-00282,2026-02-03,Clifton,Foodpanda,4,"Manager personally checked on us, great service, fresh and hot food, loved every bite 👍",positive,service
ZB-00283,2026-02-03,DHA,Instagram,1,"Great value for money, big portions, but staff behaviour was unprofessional.",negative,service
ZB-00284,2026-02-03,DHA,Google,5,"Visited for lunch. Safai ka bohat khayal rakha gaya, washrooms clean.",positive,cleanliness
ZB-00285,2026-02-03,Gulshan,Foodpanda,2,"Chicken was undercooked, very disappointing.",negative,food
ZB-00286,2026-02-03,Saddar,Google,4,"Birthday dinner here. Lovely ambiance, perfect for family dinner 👍",positive,ambiance
ZB-00287,2026-02-03,Saddar,Facebook,4,"Prices bilkul reasonable hain, deal zabardast.",positive,price
ZB-00288,2026-02-04,Gulshan,Instagram,3,"Visited for lunch. Taste theek tha, bas average.",neutral,food
ZB-00289,2026-02-04,Gulshan,Foodpanda,5,"Khana bohat tasty tha, dil khush ho gya!",positive,food
ZB-00290,2026-02-04,Saddar,Foodpanda,2,"Staff was very polite and helpful, but floor was sticky and the place smelled bad.",negative,cleanliness
ZB-00291,2026-02-04,North Nazimabad,Google,5,"Visited for lunch. Great rooftop view, very relaxing vibe 👍",positive,ambiance
ZB-00292,2026-02-05,Gulshan,Facebook,2,"Went with family. Packaging was leaking, gravy everywhere 😞",negative,delivery
ZB-00293,2026-02-05,Gulshan,Facebook,1,"Birthday dinner here. Waiter was rude and ignored us, karahi was too oily and salty!",negative,service
ZB-00294,2026-02-05,North Nazimabad,Instagram,5,"Second time here. Great vale for money, big portions 👍",positive,price
ZB-00295,2026-02-05,Clifton,Facebook,3,"Birthday dinner here. Food was okay, nothing special.",neutral,food
ZB-00296,2026-02-05,DHA,Facebook,5,Ordered on Friday night. Naan was soft and the gravy was rich!,positive,food
ZB-00297,2026-02-05,DHA,Google,4,"Dost ke saath gaye thay. Mahol bohat acha tha, music aur seating lajawab 👍",positive,ambiance
ZB-00298,2026-02-05,Gulshan,Google,3,Ordered on Friday night. Delivery was on time but packaging was basic.,neutral,delivery
ZB-00299,2026-02-05,Clifton,Foodpanda,4,Beautiful decor and comfortable seating.,positive,ambiance
ZB-00300,2026-02-05,Clifton,Facebook,5,"Dost ke saath gay thay. Lovely ambiance, perfect for family dinner.",positive,ambiance
ZB-00301,2026-02-05,Clifton,Facebook,5,"Fresh and hot food, loved every bite, great rooftop view, very relaxing vibe.",positive,food
ZB-00302,2026-02-06,DHA,Google,1,"Lovely ambiance, perfect for family dinner, but karahi was too oily and salty.",negative,food
ZB-00303,2026-02-06,Gulshan,Instagram,2,"Visited for lunch. Order wapis cancel karna para, delivery bohat late thi 😞",negative,delivery
ZB-00304,2026-02-06,Gulshan,Google,5,"Second time here. Quick service, they remembered our order perfectly.",positive,service
ZB-00305,2026-02-06,North Nazimabad,Instagram,5,"Order 25 minute mein pohanch gaya, great, naan was soft and the gravy was rich!",positive,delivery
ZB-00306,2026-02-07,DHA,Google,5,"Great value for money, big portions, rider bohat polite tha, time pe aya order 👍",positive,price
ZB-00307,2026-02-07,Saddar,Instagram,2,"Biryani mein masala bohat kam tha, bekar taste.",negative,food
ZB-00308,2026-02-07,Saddar,Google,5,"Visited for lunch. Manager personally checked on us, great service.",positive,service
ZB-00309,2026-02-07,DHA,Instagram,3,"Dost ke saath gaye thay. Staff theek tha, thora slow.",neutral,service
ZB-00310,2026-02-07,Clifton,Instagram,3,"Visited for lunch. Staff theek tha, thora slow.",neutral,service
ZB-00311,2026-02-07,North Nazimabad,Google,5,Packaging was neat and delivery on time!,positive,delivery
ZB-00312,2026-02-07,Clifton,Facebook,1,"Safai bohat kharab thi, makhiyan thin.",negative,cleanliness
ZB-00313,2026-02-07,Saddar,Facebook,3,"Went with family. Safai theek thi, kuch khaas nahi.",neutral,cleanliness
ZB-00314,2026-02-07,North Nazimabad,Foodpanda,5,"Khana bohat tasty tha, dil khush ho gaya!",positive,food
ZB-00315,2026-02-08,North Nazimabad,Facebook,5,"Went with family. The biryani was amazing, perfectly spiced 👍",positive,food
ZB-00316,2026-02-08,North Nazimabad,Foodpanda,3,"Visited for lunch. Food was okay, nothing special.",neutral,food
ZB-00317,2026-02-08,Gulshan,Facebook,5,"Went with family. Safai ka bohat khayal rakha gaya, washrooms clean.",positive,cleanliness
ZB-00318,2026-02-08,Clifton,Foodpanda,5,"Went with family. Prices bilkul reasonable hain, deal zabardast.",positive,price
ZB-00319,2026-02-08,DHA,Instagram,4,"Quick service, they remembered our order perfectly 👍",positive,service
ZB-00320,2026-02-08,Gulshan,Instagram,5,"Visited for lunch. Fresh and hot food, loved evry bite, prices bilkul reasonable hain, deal zabardast.",positive,food
ZB-00321,2026-02-08,North Nazimabad,Instagram,1,"Dost ke saath gaye thay. Chicken was undercooked, very disappointing!",negative,food
ZB-00322,2026-02-08,Gulshan,Google,4,"Visited for lunch. Khana bohat tasty tha, dil khush ho gaya, hygiene standards were great, staff wore gloves.",positive,food
ZB-00323,2026-02-09,DHA,Google,5,"Great value for money, big portions 👍",positive,price
ZB-00324,2026-02-09,Saddar,Foodpanda,4,"Visited for lunch. Order 25 minute mein pohanch gaya, great.",positive,delivery
ZB-00325,2026-02-09,Gulshan,Foodpanda,5,Staff ws very polite and helpful!,positive,service
ZB-00326,2026-02-09,DHA,Foodpanda,3,"Went with family. Jagah theek thi, normal environment.",neutral,ambiance
ZB-00327,2026-02-09,DHA,Instagram,4,Beautiful decor and comfortable seating.,positive,ambiance
ZB-00328,2026-02-09,North Nazimabad,Instagram,5,"Dost ke saath gaye thay. Manager personally checked on us, great service 👍",positive,service
ZB-00329,2026-02-09,Saddar,Google,3,Birthday dinner here. Place was fairly clean but washroom needs attention.,neutral,cleanliness
ZB-00330,2026-02-09,DHA,Foodpanda,5,Ordered on Friday night. Beautiful decor and comfortable seating!,positive,ambiance
ZB-00331,2026-02-09,Gulshan,Instagram,1,"Ordered on Friday night. Karahi bohat zabardast thi, taste lajawab, but delivery took over 90 minutes and food was cold!",negative,delivery
ZB-00332,2026-02-09,Saddar,Facebook,3,Dost ke saath gaye thay. Prices are average for this area.,neutral,price
ZB-00333,2026-02-09,North Nazimabad,Instagram,5,Orderd on Friday night. Naan was soft and the gravy was rich 👍,positive,food
ZB-00334,2026-02-09,North Nazimabad,Foodpanda,4,"Dost ke saath gaye thay. Karahi bohat zabardast thi, taste lajawab.",positive,food
ZB-00335,2026-02-09,Clifton,Foodpanda,5,"Ordered on Friday night. Mahol bohat acha tha, music aur seating lajawab!",positive,ambiance
ZB-00336,2026-02-09,Saddar,Foodpanda,5,Visited for lunch. Delivery was super fast and food arrived hot.,positive,delivery
ZB-00337,2026-02-09,DHA,Facebook,5,"Went with family. Order 25 minute mein pohanch gaya, great 👍",positive,delivery
ZB-00338,2026-02-10,Clifton,Foodpanda,3,"Jagah theek th, normal environment.",neutral,ambiance
ZB-00339,2026-02-10,DHA,Facebook,5,Dost ke saath gaye thay. Beautiful decor and comfortable seating 👍,positive,ambiance
ZB-00340,2026-02-10,North Nazimabad,Instagram,1,"Visited for lunch. AC kharab tha, bohat garmi thi.",negative,ambiance
ZB-00341,2026-02-10,DHA,Google,5,"Went with family. Very clea restaurant, tables spotless.",positive,cleanliness
ZB-00342,2026-02-10,DHA,Google,5,Naan was soft and the gravy was rich.,positive,food
ZB-00343,2026-02-10,North Nazimabad,Foodpanda,4,"Hygiene standards were great, staff wore gloves.",positive,cleanliness
ZB-00344,2026-02-10,Gulshan,Instagram,3,"Second time here. Taste theek tha, bas average.",neutral,food
ZB-00345,2026-02-10,DHA,Facebook,5,Birthday dinner here. Delivery was super fast and food arrived hot.,positive,delivery
ZB-00346,2026-02-10,Gulshan,Google,1,"AC kharab tha, bohat garmi thi.",negative,ambiance
ZB-00347,2026-02-10,North Nazimabad,Instagram,2,Birthday dinner here. Staff behaviour was unprofessional.,negative,service
ZB-00348,2026-02-10,Clifton,Foodpanda,5,"Birthday dinner here. Lovely ambiance, perfect for family dinner 👍",positive,ambiance
ZB-00349,2026-02-10,North Nazimabad,Instagram,2,Visited for lunch. Delivery took over 90 minutes and food was cold.,negative,delivery
ZB-00350,2026-02-11,Saddar,Google,3,Birthday dinner here. Portion was decent but flavour was ordinary.,neutral,food
ZB-00351,2026-02-11,North Nazimabad,Foodpanda,1,"Dost ke saath gaye thay. Hygiene standards were great, staff wore gloves, but the food was cold and tasteless!",negative,food
ZB-00352,2026-02-11,Gulshan,Instagram,5,Dost ke saath gaye thay. Staff was very polite and helpful.,positive,service
ZB-00353,2026-02-11,Clifton,Instagram,2,Ordered on Friday night. Staff behaviour was unprofessional 😞,negative,service
ZB-00354,2026-02-11,Gulshan,Foodpanda,1,"Packaging was leaking, gravy everywhere!",negative,delivery
ZB-00355,2026-02-11,North Nazimabad,Foodpanda,5,"Prices bilkul reasonable hain, deal zabardast 👍",positive,price
ZB-00356,2026-02-11,Clifton,Foodpanda,2,Dost ke saath gaye thay. Wrong item delivered and no one picked my call.,negative,delivery
ZB-00357,2026-02-12,DHA,Foodpanda,4,"Dost ke saath gaye thay. Order 25 minute mein pohanch gaya, great.",positive,delivery
ZB-00358,2026-02-12,North Nazimabad,Google,3,Delivery was on time but packaging was basic.,neutral,delivery
ZB-00359,2026-02-12,Gulshan,Instagram,4,"Ordered on Friday night. Fresh and hot food, loved every bite.",positive,food
ZB-00360,2026-02-12,Clifton,Google,3,Ordered on Friday night. Delivery was on time but packaging was basic.,neutral,delivery
ZB-00361,2026-02-12,North Nazimabad,Instagram,4,"Second time here. Fresh and hot food, loved every bite.",positive,food
ZB-00362,2026-02-12,DHA,Foodpanda,2,"They got our order wrong twice, no apology, floor was sticky and the place smelled bad 😞",negative,service
ZB-00363,2026-02-12,Clifton,Foodpanda,4,"Hygiene standards were great, staff wore gloves.",positive,cleanliness
ZB-00364,2026-02-13,Clifton,Google,4,"Went with family. Fresh and hot food, loved every bite.",positive,food
ZB-00365,2026-02-13,DHA,Google,2,"Ordered on Friday night. Too noisy and crowded, couldn't even talk 😞",negative,ambiance
ZB-00366,2026-02-13,Saddar,Google,5,"Beautiful decor and comfortable seating, manager personally checked on us, great service.",positive,ambiance
ZB-00367,2026-02-13,Saddar,Foodpanda,1,"Went with family. Service bohat slow thi, 45 minute wait iya.",negative,service
ZB-00368,2026-02-13,Saddar,Instagram,3,"Went with family. Cleanliness wa acceptable, could be better.",neutral,cleanliness
ZB-00369,2026-02-13,North Nazimabad,Instagram,2,"Went with family. Prices bohat zyada hain, paisa wasool nahi 😞",negative,price
ZB-00370,2026-02-13,Gulshan,Foodpanda,4,"Visited for lunch. Fresh and hot food, loved every bite.",positive,food
ZB-00371,2026-02-13,North Nazimabad,Instagram,5,"Rider bohat polite tha, time pe aya order.",positive,delivery
ZB-00372,2026-02-13,Gulshan,Foodpanda,2,"Second time here. Wrong item delivered and no one picked my call, way too expensive for the portion size 😞",negative,delivery
ZB-00373,2026-02-13,Gulshan,Facebook,4,"Dost ke saath gaye thay. Quick service, they remembered our order perfectly.",positive,service
ZB-00374,2026-02-13,North Nazimabad,Google,2,Went with family. The food was cold and tasteess 😞,negative,food
ZB-00375,2026-02-14,North Nazimabad,Instagram,1,"Packaging was leaking, gravy everywhere!",negative,delivery
ZB-00376,2026-02-14,Gulshan,Google,5,Birthday dinner here. Staff was very polite and helpful!,positive,service
ZB-00377,2026-02-14,Gulshan,Facebook,5,"Dost ke saath gaye thay. Fresh and hot food, loved every bite.",positive,food
ZB-00378,2026-02-15,North Nazimabad,Foodpanda,3,Birthday dinner here. Decent place but nothing memorable.,neutral,ambiance
ZB-00379,2026-02-15,North Nazimabad,Facebook,3,"Food was okay, nothing special, waiters were fine but a bit buy.",neutral,food
ZB-00380,2026-02-15,Saddar,Foodpanda,3,Second time here. Rates thore zyada hain but acceptable.,neutral,price
ZB-00381,2026-02-15,North Nazimabad,Google,1,"Birthday dinner here. The biryani was amazing, perfectly spiced, but too noisy and crowded, couldn't even talk.",negative,ambiance
ZB-00382,2026-02-15,Gulshan,Instagram,2,Ordered on Friday night. Staff behaviour was unprofessional.,negative,service
ZB-00383,2026-02-15,DHA,Google,4,"Lovely ambance, perfect for family dinner 👍",positive,ambiance
ZB-00384,2026-02-15,North Nazimabad,Instagram,2,Second time here. The food was cold and tasteless.,negative,food
ZB-00385,2026-02-15,Clifton,Google,5,Delivery was super fast and food arrived hot.,positive,delivery
ZB-00386,2026-02-16,North Nazimabad,Facebook,5,Delivery was super fast and food arrived hot.,positive,delivery
ZB-00387,2026-02-16,North Nazimabad,Facebook,4,"Ordered on Friday night. Quick service, they remembered our order perfectly 👍",positive,service
ZB-00388,2026-02-16,Clifton,Instagram,4,"Birthday dinner here. Khana bohat tasty tha, dil khush ho gaya 👍",positive,food
ZB-00389,2026-02-16,DHA,Foodpanda,5,Birthday dinner here. Packaging was neat and delivery on time.,positive,delivery
ZB-00390,2026-02-16,Clifton,Facebook,5,"Dost ke saath gaye thay. Mahol bohat acha tha, music aur seating lajawab.",positive,ambiance
ZB-00391,2026-02-16,DHA,Instagram,4,"Khana bohat tasty tha, dil khush ho gaya, rider bohat polite tha, time pe aya order!",positive,food
ZB-00392,2026-02-16,DHA,Google,4,"Visited for lunch. The biryani was amazing, perfectly spiced!",positive,food
ZB-00393,2026-02-17,North Nazimabad,Instagram,4,Staff was very polite and helpful.,positive,service
ZB-00394,2026-02-17,Gulshan,Facebook,5,"The biryani was amazing, perfectly spiced.",positive,food
ZB-00395,2026-02-17,Gulshan,Facebook,4,Visited for lunch. Packaging was neat and delivery on time!,positive,delivery
ZB-00396,2026-02-17,Saddar,Facebook,3,"Ordered on Friday night. Cleanliness was acceptable, could be better.",neutral,cleanliness
ZB-00397,2026-02-17,Clifton,Foodpanda,5,"Dost ke saath gaye thay. Quick service, they remembered our order perfectly, hygiene standards were great, staff wore gloves 👍",positive,service
ZB-00398,2026-02-17,Saddar,Foodpanda,4,Staff was very polite and helpful!,positive,service
ZB-00399,2026-02-17,Gulshan,Foodpanda,5,"Went with family. Khana bohat tasty tha, dil khush ho gaya.",positive,food
ZB-00400,2026-02-17,Saddar,Facebook,2,Delivery took over 90 minutes and food was cold.,negative,delivery
ZB-00401,2026-02-17,Gulshan,Google,5,"Ordered on Friday night. Order 25 minute mein pohanch gaya, great 👍",positive,delivery
ZB-00402,2026-02-18,Clifton,Google,5,Staff was very polite and helpfl.,positive,service
ZB-00403,2026-02-18,Clifton,Instagram,3,"Taste theek tha, bas average!",neutral,food
ZB-00404,2026-02-18,Gulshan,Instagram,1,"Visited for lunch. Rider late aya aur order adhoora tha, seating was uncomfortable and lighting too harsh.",negative,delivery
ZB-00405,2026-02-18,Gulshan,Foodpanda,5,"Ordered on Friday night. Prices bilkul reasonable hain, deal zabardast.",positive,price
ZB-00406,2026-02-18,Saddar,Foodpanda,3,"Birthday dinner here. Cleanliness was acceptable, could be better!",neutral,cleanliness
ZB-00407,2026-02-18,North Nazimabad,Instagram,5,"Visited for lunch. Fresh and hot food, loved evey bite.",positive,food
ZB-00408,2026-02-18,Saddar,Google,4,Delivery was super fast and food arrived hot.,positive,delivery
ZB-00409,2026-02-18,Clifton,Facebook,5,"Great rooftop view, very relaxing vibe.",positive,ambiance
ZB-00410,2026-02-18,Clifton,Foodpanda,1,"Visited for lunch. They got our order wrong twice, no apology.",negative,service
ZB-00411,2026-02-18,Clifton,Instagram,1,Rider late aya aur order adhoora tha.,negative,delivery
ZB-00412,2026-02-18,North Nazimabad,Foodpanda,4,"Went with family. Very clean restaurant, tables spotless!",positive,cleanliness
ZB-00413,2026-02-19,Gulshan,Instagram,5,"Went with family. Fresh and hot food, loved every bite.",positive,food
ZB-00414,2026-02-19,Clifton,Instagram,5,"Lovely ambiance, perfect for family dinner.",positive,ambiance
ZB-00415,2026-02-19,Gulshan,Facebook,5,"Second time here. Worth every rupee, the family deal is excellent.",positive,price
ZB-00416,2026-02-19,Clifton,Facebook,2,Second time here. Khana bilkul baasi lag raha tha 😞,negative,food
ZB-00417,2026-02-19,Clifton,Foodpanda,2,"Went with family. Service bohat slow thi, 45 minute wait kiya.",negative,service
ZB-00418,2026-02-19,DHA,Google,1,Visited for lunch. Waiter was rude and ignored us.,negative,service
ZB-00419,2026-02-19,DHA,Facebook,1,"Birthday dinner here. Prices bohat zyada hain, paisa wasool nahi!",negative,price
ZB-00420,2026-02-19,Clifton,Facebook,5,"Went with family. Mahol bohat acha tha, music aur seating lajawab!",positive,ambiance
ZB-00421,2026-02-19,DHA,Foodpanda,5,"Birthday dinner here. Quick service, they remembered our order perfectly, mahol bohat acha tha, music aur seating lajawab.",positive,service
ZB-00422,2026-02-19,North Nazimabad,Google,5,"Birthday dinner here. Quick service, they remembered our order perfectly!",positive,service
ZB-00423,2026-02-19,Clifton,Google,5,"Birthday dinner here. Great rooftop view, very relaxing vibe.",positive,ambiance
ZB-00424,2026-02-20,Gulshan,Instagram,1,"Went with family. They got our order wrong twice, no apology.",negative,service
ZB-00425,2026-02-20,North Nazimabad,Facebook,4,Visited for lnch. Waiter ka behavior bohat acha tha!,positive,service
ZB-00426,2026-02-20,Clifton,Foodpanda,4,"Lovely ambiance, perfect for family dinner 👍",positive,ambiance
ZB-00427,2026-02-20,North Nazimabad,Google,5,"Dost ke saath gaye thay. Great rooftop view, very relaxing vibe.",positive,ambiance
ZB-00428,2026-02-20,Clifton,Facebook,1,"Birthday dinner here. Prices bohat zyada hain, paisa wasool nahi.",negative,price
ZB-00429,2026-02-20,DHA,Foodpanda,3,"Went with family. Taste theek tha, bas average.",neutral,food
ZB-00430,2026-02-20,Gulshan,Google,4,Delivery was super fast and food arrived hot!,positive,delivery
ZB-00431,2026-02-20,North Nazimabad,Google,4,Second time here. Staff was very polite and helpful.,positive,service
ZB-00432,2026-02-20,Clifton,Instagram,3,"Taste theek tha, bas average!",neutral,food
ZB-00433,2026-02-21,North Nazimabad,Facebook,3,"Visited for lunch. Taste theek tha, bas average.",neutral,food
ZB-00434,2026-02-21,Gulshan,Google,2,"Birthday dinner here. Karahi was too oily and salty, hidden charges added to the bill, very disappointing 😞",negative,food
ZB-00435,2026-02-21,Saddar,Instagram,5,Dost ke saath gaye thay. Beautiful decor and comfortable seating.,positive,ambiance
ZB-00436,2026-02-21,DHA,Instagram,1,Dost ke saath gaye thay. Karahi was too oily and salty.,negative,food
ZB-00437,2026-02-21,Saddar,Google,3,"Second time here. Service was average, not bad not great.",neutral,service
ZB-00438,2026-02-21,Clifton,Instagram,3,Birthday dinner here. Prices are average for this area.,neutral,price
ZB-00439,2026-02-21,DHA,Facebook,1,Dost ke saath gaye thay. The food was cold and tasteless.,negative,food
ZB-00440,2026-02-22,North Nazimabad,Foodpanda,1,Second time here. Khana bilkul baasi lag raha tha!,negative,food
ZB-00441,2026-02-22,Saddar,Foodpanda,5,"Dost ke saath gaye thay. Mahol bohat acha tha, music aur seating lajawab.",positive,ambiance
ZB-00442,2026-02-22,Clifton,Google,3,Delivery was on time but packaging was basic!,neutral,delivery
ZB-00443,2026-02-22,Gulshan,Facebook,3,"Visited for lunch. Delivery okay, food arrived lukewarm.",neutral,delivery
ZB-00444,2026-02-22,Saddar,Foodpanda,5,"Safai ka bohat khayal rakha gaya, washrooms clean.",positive,cleanliness
ZB-00445,2026-02-22,DHA,Facebook,4,"Visited for luch. Karahi bohat zabardast thi, taste lajawab.",positive,food
ZB-00446,2026-02-22,Clifton,Google,3,Birthday dinner here. Portion was decent but flavour was ordinary.,neutral,food
ZB-00447,2026-02-22,Clifton,Foodpanda,5,"Visited for lunch. Prices bilkul reasonable hain, deal zabardast.",positive,price
ZB-00448,2026-02-22,Saddar,Instagram,4,"Birthday dinner here. Manager personally checked on us, great service!",positive,service
ZB-00449,2026-02-22,Saddar,Google,3,"Rider theek tha, order thora late aya.",neutral,delivery
ZB-00450,2026-02-22,North Nazimabad,Foodpanda,5,"Went with family. Karahi bohat zabardast thi, taste lajawab.",positive,food
ZB-00451,2026-02-22,Gulshan,Facebook,4,"Went with family. Karahi bohat zabardast thi, taste lajawab.",positive,food
ZB-00452,2026-02-22,Clifton,Instagram,3,"Birthday dinner here. Jagah theek thi, normal enviroment.",neutral,ambiance
ZB-00453,2026-02-23,North Nazimabad,Instagram,5,"Karahi bohat zabardast thi, taste ajawab.",positive,food
ZB-00454,2026-02-23,DHA,Facebook,1,"Visited for lunch. Beautiful decor and comfortable seating, but waiter was rude and ignored us!",negative,service
ZB-00455,2026-02-23,DHA,Instagram,5,"Mahol bohat acha tha, music aur seating lajawab.",positive,ambiance
ZB-00456,2026-02-23,Saddar,Facebook,5,Second time here. Staff was very polite and helpful 👍,positive,service
ZB-00457,2026-02-23,DHA,Google,3,"Visited for lunch. Delivery okay, food arrived lukewarm.",neutral,delivery
ZB-00458,2026-02-23,Gulshan,Google,4,Went with family. Naan was soft and the gravy was rich.,positive,food
ZB-00459,2026-02-23,North Nazimabad,Foodpanda,1,"Visited for lunch. Biryani mein masala bohat kam tha, bekar taste.",negative,food
ZB-00460,2026-02-24,DHA,Instagram,5,"Went with family. The biryani was amazing, perfectly spiced!",positive,food
ZB-00461,2026-02-24,Clifton,Instagram,5,"Order 25 minute mein pohanch gaya, great, karahi bohat zabardast thi, taste lajawab!",positive,delivery
ZB-00462,2026-02-24,DHA,Facebook,5,"Ordered on Friday night. Karahi bohat zabardast thi, taste lajawab.",positive,food
ZB-00463,2026-02-24,Clifton,Facebook,1,Floor was sticky and the place smelled bad!,negative,cleanliness
ZB-00464,2026-02-24,DHA,Google,2,"Dost ke saath gaye thay. Prices bohat zyada hain, paisa wasool nahi.",negative,price
ZB-00465,2026-02-24,North Nazimabad,Google,5,"The biryani was amazing, perfectly spiced 👍",positive,food
ZB-00466,2026-02-24,Clifton,Instagram,2,Went with family. Khana bilkul baasi lag raha tha!,negative,food
ZB-00467,2026-02-24,Saddar,Facebook,3,"Second time her. Cleanliness was acceptable, could be better.",neutral,cleanliness
ZB-00468,2026-02-24,Clifton,Google,5,"Great value for money, big portions!",positive,price
ZB-00469,2026-02-24,Saddar,Facebook,1,Khana bilkul baasi lag raha tha.,negative,food
ZB-00470,2026-02-24,North Nazimabad,Facebook,5,"Went with family. Quick service, they remembered our order perfectly!",positive,service
ZB-00471,2026-02-24,DHA,Foodpanda,2,Dost ke saath gaye thay. Staff behaviour was unprofessional!,negative,service
ZB-00472,2026-02-25,North Nazimabad,Google,5,"Rider bohat polite tha, time pe aya order!",positive,delivery
ZB-00473,2026-02-25,DHA,Facebook,3,Prices are average for this area.,neutral,price
ZB-00474,2026-02-25,Gulshan,Instagram,4,"Prices bilkul reasonable hain, deal zabardast.",positive,price
ZB-00475,2026-02-25,Gulshan,Facebook,2,Birthday dinner here. Khana bilkul baasi lag raha tha!,negative,food
ZB-00476,2026-02-25,Clifton,Instagram,4,Birthday dinner here. Delivery was super fast and food arrived hot.,positive,delivery
ZB-00477,2026-02-25,North Nazimabad,Instagram,5,Packaging was neat and delivery on time.,positive,delivery
ZB-00478,2026-02-26,Clifton,Foodpanda,2,Ordered on Friday night. Khana bilkul baasi lag raha tha 😞,negative,food
ZB-00479,2026-02-26,Gulshan,Instagram,5,"Birthday dinner here. Very clean restaurant, tables spotless 👍",positive,cleanliness
ZB-00480,2026-02-26,Gulshan,Instagram,1,"Second time here. Hidden charges added to the bill, very disappointing, parking was a nightmare and place felt cramped!",negative,price
ZB-00481,2026-02-26,North Nazimabad,Instagram,5,Visited for lunch. Packaging was neat and delivery on time 👍,positive,delivery
ZB-00482,2026-02-26,Saddar,Google,4,"Went with family. The biryani was amazing, perfectly spiced, staff was very polite and helpful 👍",positive,food
ZB-00483,2026-02-26,Clifton,Google,5,"Safai ka bohat khayal rakha gaya, washrooms clean, quick service, they remembered our order perfectly.",positive,cleanliness
ZB-00484,2026-02-26,Gulshan,Google,5,"Khana bohat tasty tha, dil khush ho gaya!",positive,food
ZB-00485,2026-02-26,Saddar,Instagram,2,"Visited for lunch. Found hair in the food, very unhygienic!",negative,cleanliness
ZB-00486,2026-02-26,Saddar,Facebook,2,Tables were dirty and washroom was awful.,negative,cleanliness
ZB-00487,2026-02-26,DHA,Google,1,Birthday dinner here. Delivery took over 90 minutes and food was cold 😞,negative,delivery
ZB-00488,2026-02-26,DHA,Instagram,5,"Ordered on Friday night. Hygiene standards were great, staff wore gloves.",positive,cleanliness
ZB-00489,2026-02-26,Gulshan,Instagram,5,Second time here. Waiter ka behavior bohat acha tha.,positive,service
ZB-00490,2026-02-27,Gulshan,Google,5,"Visited for lunch. Safai ka bohat khayal rakha gaya, washrooms clean.",positive,cleanliness
ZB-00491,2026-02-27,Gulshan,Foodpanda,5,Waiter ka behavior bohat acha tha.,positive,service
ZB-00492,2026-02-27,DHA,Instagram,4,Second time here. Naan was soft and the gravy was rich.,positive,food
ZB-00493,2026-02-27,Gulshan,Facebook,3,Ordered on Friday night. Rates thore zyada hain but acceptable.,neutral,price
ZB-00494,2026-02-27,Gulshan,Foodpanda,4,"Ordered on Friday night. Manager personally checked on us, great service 👍",positive,service
ZB-00495,2026-02-27,Saddar,Facebook,5,"Second time here. Lovely ambiance, perfect for family dinner.",positive,ambiance
ZB-00496,2026-02-27,North Nazimabad,Foodpanda,5,Packaging was neat and delivery on time.,positive,delivery
ZB-00497,2026-02-27,North Nazimabad,Instagram,1,Went with family. Wrong item delivered and no one picked my call.,negative,delivery
ZB-00498,2026-02-28,DHA,Instagram,1,"Ordered on Friday night. Hidden charges added to the bill, very disappointing, ac kharab tha, bohat garmi thi.",negative,price
ZB-00499,2026-02-28,North Nazimabad,Instagram,5,Visited for lunch. The biryani was amazing perfectly spiced!,positive,food
ZB-00500,2026-02-28,North Nazimabad,Foodpanda,5,"Rider bohat polite tha, time pe aya order.",positive,delivery
ZB-00501,2026-02-28,Gulshan,Instagram,2,"Went with family. Chicken was undercooked, very disappointing.",negative,food
ZB-00502,2026-02-28,Saddar,Instagram,5,Ordered on Friday night. Packaging was neat and delivery on time.,positive,delivery
ZB-00503,2026-02-28,North Nazimabad,Instagram,4,Delivery was super fast and fod arrived hot!,positive,delivery
ZB-00504,2026-02-28,DHA,Facebook,4,Second time here. Waiter ka behavior bohat acha tha.,positive,service
ZB-00505,2026-02-28,DHA,Foodpanda,5,"Birthday dinner here. Beautiful decor and comfortable seating, waiter ka behavior bohat acha tha 👍",positive,ambiance
ZB-00506,2026-02-28,North Nazimabad,Instagram,5,"Ordered on Friday night. Prices bilkul reasonable hain, deal zabardast!",positive,price
ZB-00507,2026-02-28,Saddar,Foodpanda,2,Visited for lunch. Tables were dirty and washroom was awful!,negative,cleanliness
ZB-00508,2026-02-28,DHA,Facebook,5,"Visited for lunch. Fresh and hot food, loved every bite.",positive,food
ZB-00509,2026-02-28,DHA,Facebook,5,"Went with family. Prices bilkul reasonable hain, deal zabardast 👍",positive,price
ZB-00510,2026-02-28,Saddar,Foodpanda,3,"Second time here. Service was average, not bad not great.",neutral,service
ZB-00511,2026-03-01,North Nazimabad,Foodpanda,5,"Second time here. Safai ka bohat khayal rakha gaya, washrooms clean.",positive,cleanliness
ZB-00512,2026-03-01,Saddar,Facebook,5,Delivery was super fast and food arrivedhot!,positive,delivery
ZB-00513,2026-03-01,Clifton,Facebook,5,Second tim here. Packaging was neat and delivery on time.,positive,delivery
ZB-00514,2026-03-01,Clifton,Facebook,5,Ordered on Friday night. Naan was soft and the gravy as rich 👍,positive,food
ZB-00515,2026-03-01,Saddar,Google,5,Ordered on Friday night. Staff was very polite and helpful.,positive,service
ZB-00516,2026-03-01,Clifton,Foodpanda,1,"Mahol bohat acha tha, music aur seating lajawab, but service bohat slow thi, 45 minute wait kiya!",negative,service
ZB-00517,2026-03-02,North Nazimabad,Facebook,5,"Dost ke saath gaye thay. Rider bohat polite tha, time pe aya order 👍",positive,delivery
ZB-00518,2026-03-02,North Nazimabad,Google,5,Second time here. ackaging was neat and delivery on time 👍,positive,delivery
ZB-00519,2026-03-02,Saddar,Facebook,3,"Dost ke saath gaye thay. Food was okay, nothing special!",neutral,food
ZB-00520,2026-03-02,Clifton,Facebook,1,Dost ke saath gaye thay. Khana bilkul baasi lag raha tha.,negative,food
ZB-00521,2026-03-02,North Nazimabad,Instagram,1,Second time here. Tables were dirty and washroom was awful.,negative,cleanliness
ZB-00522,2026-03-02,Clifton,Foodpanda,3,"Staff theek th, thora slow.",neutral,service
ZB-00523,2026-03-02,Gulshan,Foodpanda,5,"Went with family. Lovely ambiance, perfect for family dinner 👍",positive,ambiance
ZB-00524,2026-03-02,DHA,Google,5,"Ordere on Friday night. Great rooftop view, very relaxing vibe 👍",positive,ambiance
ZB-00525,2026-03-02,Clifton,Instagram,3,"Went with family. Ambiance was okay, simple setup.",neutral,ambiance
ZB-00526,2026-03-02,DHA,Facebook,1,"Dost ke saath gaye thay. Hidden charges added to the bill, very disappointing!",negative,price
ZB-00527,2026-03-02,DHA,Google,1,Karahi was too oily and salty 😞,negative,food
ZB-00528,2026-03-03,Clifton,Facebook,1,"Order wapis cancel karna para, delivery bohat late thi.",negative,delivery
ZB-00529,2026-03-03,DHA,Google,4,Second time here. Delivery was super fast and food arrived hot.,positive,delivery
ZB-00530,2026-03-03,DHA,Facebook,5,"Visited for lunch. Safai ka bohat khayal rakha gaya, washrooms clean!",positive,cleanliness
ZB-00531,2026-03-03,Saddar,Facebook,3,"Delivery okay, food arrived lukewarm.",neutral,delivery
ZB-00532,2026-03-03,DHA,Instagram,5,"Second time here. The biryani was amazing, perfectly spiced.",positive,food
ZB-00533,2026-03-04,Clifton,Google,1,"Chicken was undercooked, very disappointing, they got our order wrong twice, no apology 😞",negative,food
ZB-00534,2026-03-04,DHA,Google,1,Dost ke saath gaye thay. Khana bilkul baasi lag raha tha.,negative,food
ZB-00535,2026-03-04,North Nazimabad,Foodpanda,4,"Rider bohat polite tha, time pe aya order.",positive,delivery
ZB-00536,2026-03-04,North Nazimabad,Google,5,Delivery was super fast and food arrived hot.,positive,delivery
ZB-00537,2026-03-04,Gulshan,Foodpanda,4,Ordered on Friday night. Waiter ka behavior bohat acha tha.,positive,service
ZB-00538,2026-03-04,Saddar,Instagram,2,"Went with family. Safai bohat kharab thi, makhiyan thin!",negative,cleanliness
ZB-00539,2026-03-04,Clifton,Foodpanda,2,Second time here. Delivery took over 90 minutes and food was old.,negative,delivery
ZB-00540,2026-03-04,North Nazimabad,Facebook,3,"Second time here. Cleanliness was acceptable, could be better!",neutral,cleanliness
ZB-00541,2026-03-04,North Nazimabad,Facebook,5,"Visited for lunch. Fresh and hot food, loved every bite, quick service, they remembered our order perfectly 👍",positive,food
ZB-00542,2026-03-04,Gulshan,Foodpanda,3,"Visited for lunch. Rider theek tha, order thora lateaya!",neutral,delivery
ZB-00543,2026-03-05,Gulshan,Google,4,Birthday dinner here. Delivery was super fast and food arrived hot 👍,positive,delivery
ZB-00544,2026-03-05,Gulshan,Foodpanda,5,"Dost ke saath gaye thay. Karahibohat zabardast thi, taste lajawab.",positive,food
ZB-00545,2026-03-05,Saddar,Foodpanda,5,Visited for lunch. Naan was soft and the gravy was rich.,positive,food
ZB-00546,2026-03-05,DHA,Instagram,5,Staff was very polite and helpful 👍,positive,service
ZB-00547,2026-03-05,Clifton,Foodpanda,3,Birthday dinner here. Prices are average for this area.,neutral,price
ZB-00548,2026-03-06,Gulshan,Google,5,"Second time here. Worth every rupee, the family deal is excellent.",positive,price
ZB-00549,2026-03-06,North Nazimabad,Google,3,"Service was average, not bad not great!",neutral,service
ZB-00550,2026-03-06,Clifton,Foodpanda,5,"Second time here. Great rooftop view, very relaxing vibe.",positive,ambiance
ZB-00551,2026-03-06,North Nazimabad,Google,3,"Went with family. Food was okay, nothing special.",neutral,food
ZB-00552,2026-03-06,DHA,Facebook,5,"Visited for lunch. Rider bohat polite tha, time pe aya order!",positive,delivery
ZB-00553,2026-03-06,Saddar,Instagram,5,"Dost ke saath gaye thay. Great value for money, big portions.",positive,price
ZB-00554,2026-03-06,DHA,Foodpanda,3,"Ambiance was okay, simple setup.",neutral,ambiance
ZB-00555,2026-03-06,North Nazimabad,Google,5,"Birthday dinner here. Packaging was neat and delivery on time, fresh and hot food, loved every bite.",positive,delivery
ZB-00556,2026-03-06,Clifton,Google,3,"Rider theek tha, order thora late aya.",neutral,delivery
ZB-00557,2026-03-06,Clifton,Facebook,2,Visited for lunch. Waiter was rude and ignored us!,negative,service
ZB-00558,2026-03-07,Saddar,Instagram,5,"Went with family. Khana bohat tasty tha, dil khush ho gaya.",positive,food
ZB-00559,2026-03-07,North Nazimabad,Google,5,"Karahi bohat zabardast thi, taste lajawab.",positive,food
ZB-00560,2026-03-07,DHA,Foodpanda,2,"Prices bohat zyada hain, paisa wasool nahi.",negative,price
ZB-00561,2026-03-07,Gulshan,Instagram,5,"Birthday dinner here. Quick service, they remembered our order perfectly.",positive,service
ZB-00562,2026-03-07,Saddar,Instagram,5,"Birthday dinner here. The biryani was amazing, perfectly spiced!",positive,food
ZB-00563,2026-03-07,DHA,Facebook,2,"Visited for lunch. Order wapis cancel karna para, delivery bohat late thi.",negative,delivery
ZB-00564,2026-03-07,DHA,Foodpanda,1,"The food was cold and tasteless, parking was a nightmare and place felt cramped!",negative,food
ZB-00565,2026-03-07,Gulshan,Foodpanda,1,"Ordered on Friday night. Biryani mein masala bohat kam tha, bekar taste!",negative,food
ZB-00566,2026-03-07,DHA,Foodpanda,5,Visited for lunch. Staff was very polite and helpful.,positive,service
ZB-00567,2026-03-07,Saddar,Foodpanda,5,"Visited for lunch. Karahi bohat zabardast thi, taste lajawab.",positive,food
ZB-00568,2026-03-07,North Nazimabad,Instagram,5,Waiter ka behavior bohat acha tha 👍,positive,service
ZB-00569,2026-03-08,Clifton,Google,4,"Birthday dinner here. Order 25 minute mein pohanch gaya, great.",positive,delivery
ZB-00570,2026-03-08,Gulshan,Google,5,"Birthday dinner here. Worth every rupee, the family deal is excellent!",positive,price
ZB-00571,2026-03-08,Saddar,Instagram,4,"Ordered on Friday night. Worth every rupee, the family deal is excellent.",positive,price
ZB-00572,2026-03-08,North Nazimabad,Instagram,1,"Fresh and hot food, loved every bite, but floor was sticky and the place smelled bad 😞",negative,cleanliness
ZB-00573,2026-03-08,North Nazimabad,Instagram,5,"Rider bohat polite tha, time pe aya order.",positive,delivery
ZB-00574,2026-03-09,Gulshan,Instagram,3,"Ordered on Friday nght. Rider theek tha, order thora late aya!",neutral,delivery
ZB-00575,2026-03-09,DHA,Facebook,4,"Visited for lunch. Safai ka bohat khayal rakha gaya, washrooms clean 👍",positive,cleanliness
ZB-00576,2026-03-09,Clifton,Foodpanda,2,Delivery took over 90 minutes and food was cold 😞,negative,delivery
ZB-00577,2026-03-09,Saddar,Google,4,Went with family. Delivery was super fast and food arrived hot!,positive,delivery
ZB-00578,2026-03-09,DHA,Facebook,3,"Fair pricing, nothing amazing.",neutral,price
ZB-00579,2026-03-09,DHA,Facebook,1,Second time here. Overpriced compared to other places in Karachi.,negative,price
ZB-00580,2026-03-09,Gulshan,Instagram,3,Prices are average for this area.,neutral,price
ZB-00581,2026-03-09,Gulshan,Facebook,2,"Went with family. Order wapis cancel karna para, delivery bohat late thi.",negative,delivery
ZB-00582,2026-03-09,North Nazimabad,Foodpanda,4,"Second time here. Worth every rupee, the family deal is excellent.",positive,price
ZB-00583,2026-03-09,Saddar,Foodpanda,4,"Went with family. Worth every rupee, the family deal is excellent, delivery was super fast and food arrived hot.",positive,price
ZB-00584,2026-03-09,Saddar,Foodpanda,2,Visited for lunch. Rider late aya aur order adhoora tha.,negative,delivery
ZB-00585,2026-03-09,North Nazimabad,Facebook,4,"Great value for money, big portions!",positive,price
ZB-00586,2026-03-10,North Nazimabad,Foodpanda,1,Visited for lunch. Staff behaviour was unprofessional 😞,negative,service
ZB-00587,2026-03-10,DHA,Facebook,3,"Visited for lunch. Staff theek tha, thora slow.",neutral,service
ZB-00588,2026-03-10,Clifton,Foodpanda,1,"Birthday dinner here. Service bohat slow thi, 45 minute wait kiya.",negative,service
ZB-00589,2026-03-10,DHA,Google,2,Second time here. Tables were dirty and washroom was awful 😞,negative,cleanliness
ZB-00590,2026-03-10,DHA,Foodpanda,3,"Dost ke saath gaye thay. Jagah theek thi, normal environment!",neutral,ambiance
ZB-00591,2026-03-10,Gulshan,Facebook,4,"Went with family. Very clean restaurant, tables spotless.",positive,cleanliness
ZB-00592,2026-03-11,DHA,Foodpanda,5,"Went with family. Great value for money, big portions.",positive,price
ZB-00593,2026-03-11,North Nazimabad,Instagram,2,Floor was sticky and the place smelled bad.,negative,cleanliness
ZB-00594,2026-03-11,Saddar,Foodpanda,4,"Manager personally checked on us, great service 👍",positive,service
ZB-00595,2026-03-11,North Nazimabad,Google,1,Went with family. Khana bilkul baasi lag raha tha 😞,negative,food
ZB-00596,2026-03-12,Saddar,Foodpanda,2,Ordered on Friday night. Khana bilkul baasi lag raha tha!,negative,food
ZB-00597,2026-03-12,DHA,Facebook,1,Khana bilkl baasi lag raha tha.,negative,food
ZB-00598,2026-03-12,Saddar,Instagram,5,"Went with family. Order 25 minute mein pohanch gaya, great.",positive,delivery
ZB-00599,2026-03-12,North Nazimabad,Facebook,3,Second time here. Place was fairly clean but washroom needs attention.,neutral,cleanliness
ZB-00600,2026-03-12,Saddar,Facebook,2,Waiter was rude and ignored us.,negative,service
ZB-00601,2026-03-12,Gulshan,Google,1,Went with family. Floor was sticky and the place smelled bad.,negative,cleanliness
ZB-00602,2026-03-12,Saddar,Facebook,5,"Went with family. The biryani was amazing, perfectl spiced, quick service, they remembered our order perfectly!",positive,food
ZB-00603,2026-03-12,Clifton,Google,1,"Ordered on Friday night. Beautiful decor and comfortable seating, but rider late aya aur order adhoora tha 😞",negative,delivery
ZB-00604,2026-03-12,Clifton,Facebook,5,"Second time here. Hygiene standards were great, staff wore gloves!",positive,cleanliness
ZB-00605,2026-03-13,North Nazimabad,Foodpanda,4,"Birthday dinner here. Quick service, they remembered our order perfectly.",positive,service
ZB-00606,2026-03-13,Clifton,Facebook,5,Visited for lunch. Packaging was neat and delivery on time.,positive,delivery
ZB-00607,2026-03-13,North Nazimabad,Instagram,5,"Ordered on Friday night. Khana bohat tasty tha, dil khush ho gaya 👍",positive,food
ZB-00608,2026-03-13,DHA,Instagram,1,"Beautiful decor and comfortable seating, but staff behaviour was unprofessional.",negative,service
ZB-00609,2026-03-13,Gulshan,Foodpanda,5,"Visited for lunch. Mahol bohat acha tha, music aur seating lajawab 👍",positive,ambiance
ZB-00610,2026-03-13,DHA,Facebook,5,"Went with family. Fresh and hot food, loved every bite.",positive,food
ZB-00611,2026-03-13,Clifton,Instagram,5,"Lovely ambiance, perfect for family dinner!",positive,ambiance
ZB-00612,2026-03-13,Gulshan,Instagram,3,"Went with family. Rider theek tha, order thora late aya.",neutral,delivery
ZB-00613,2026-03-13,North Nazimabad,Facebook,3,"Taste theek tha, bas average.",neutral,food
ZB-00614,2026-03-13,Gulshan,Foodpanda,5,"Ordered on Friday night. Oder 25 minute mein pohanch gaya, great 👍",positive,delivery
ZB-00615,2026-03-14,Gulshan,Facebook,2,Dost ke saath gaye thay. Rider late aya aur order adhoora tha 😞,negative,delivery
ZB-00616,2026-03-14,Gulshan,Facebook,5,Second time here. Naan was soft and the gravy was rich.,positive,food
ZB-00617,2026-03-14,Saddar,Instagram,2,"Birthday dinner here. Safai bohat kharab thi, makhiyan thin 😞",negative,cleanliness
ZB-00618,2026-03-14,DHA,Facebook,2,Khana bilku baasi lag raha tha!,negative,food
ZB-00619,2026-03-14,Gulshan,Instagram,1,"Went with family. Delivery was super fast and food arrived hot, but safai bohat kharab thi, makhiyan thin 😞",negative,cleanliness
ZB-00620,2026-03-15,Clifton,Google,1,"Went with family. Safai ka bohat khayal rakha gaya, washrooms clean, but staff behaviour was unprofessional.",negative,service
ZB-00621,2026-03-15,Gulshan,Instagram,5,"Birthday dinner here. Rider bohat polite tha, time pe aya order, beautiful decor and comfortable seating.",positive,delivery
ZB-00622,2026-03-15,Gulshan,Instagram,5,"Second time here. Rider bohat polite tha, time pe aya order!",positive,delivery
ZB-00623,2026-03-15,North Nazimabad,Facebook,5,"The biryani was amazing, perfectly spiced 👍",positive,food
ZB-00624,2026-03-16,Gulshan,Instagram,1,"Dost ke saath gaye thay. Manager personally checked on us, great service, but rider late aya aur order adhoora tha.",negative,delivery
ZB-00625,2026-03-16,North Nazimabad,Facebook,5,"Great value for money, big portions 👍",positive,price
ZB-00626,2026-03-16,DHA,Instagram,3,"Went wit family. Staff theek tha, thora slow, rates thore zyada hain but acceptable.",neutral,service
ZB-00627,2026-03-16,Gulshan,Instagram,4,"Worth every rupee, the family deal is excellent.",positive,price
ZB-00628,2026-03-16,DHA,Foodpanda,1,Went with family. Way too expensive for the portion size.,negative,price
ZB-00629,2026-03-16,North Nazimabad,Instagram,4,"Dost ke saath gaye thay. Great value for money, big portions.",positive,price
ZB-00630,2026-03-16,DHA,Google,1,"Second time here. Service bohat slow thi, 45 minute wait kiya!",negative,service
ZB-00631,2026-03-17,Clifton,Foodpanda,3,"Taste theek tha, bas average.",neutral,food
ZB-00632,2026-03-17,DHA,Facebook,4,Packaging wa neat and delivery on time 👍,positive,delivery
ZB-00633,2026-03-17,Clifton,Foodpanda,5,Went with family. Waiter ka behavior bohat acha tha.,positive,service
ZB-00634,2026-03-17,Gulshan,Facebook,1,Khana bilkul baasi lag raha tha 😞,negative,food
ZB-00635,2026-03-17,Gulshan,Facebook,2,Ordered on Friday night. The food was cold and tasteless.,negative,food
ZB-00636,2026-03-18,Gulshan,Foodpanda,5,"Great rooftop view, very relaxing vibe.",positive,ambiance
ZB-00637,2026-03-18,Clifton,Google,2,Staff behaviour was unprofessional.,negative,service
ZB-00638,2026-03-18,DHA,Foodpanda,5,"Second time here. Prices bilkul reasonable hain, deal zabardast.",positive,price
ZB-00639,2026-03-18,North Nazimabad,Facebook,5,"Karahi bohat zabardast thi, taste lajawab 👍",positive,food
ZB-00640,2026-03-18,North Nazimabad,Instagram,3,"Staff theek tha, thora slow!",neutral,service
ZB-00641,2026-03-18,Gulshan,Google,3,Ordered on Friday night. Portion was decent but flavour was ordinary!,neutral,food
ZB-00642,2026-03-18,Saddar,Instagram,3,"Dost ke saath gaye thay. Safai theek thi, kuch khaas nahi.",neutral,cleanliness
ZB-00643,2026-03-18,DHA,Foodpanda,5,"Dost ke saath gaye thay. Worth every rupee, the family deal is excellent.",positive,price
ZB-00644,2026-03-19,DHA,Instagram,2,"Mahol bohat acha tha, music aur seating lajawab, but safai bohat kharab thi, makhiyan thin.",negative,cleanliness
ZB-00645,2026-03-19,Saddar,Google,4,"Karahi bohat zabardast thi, taste lajawab, order 25 minute mein pohanch gaya, great.",positive,food
ZB-00646,2026-03-19,Gulshan,Facebook,4,"Went with family. Lovely ambiance, perfect for family dinner, quick service, they remembered our order perfectly!",positive,ambiance
ZB-00647,2026-03-19,Saddar,Google,2,"Ordered on Friday night. Mahol bohat acha tha, music aur seating lajawab, but hidden charges added to the bill, very disappointing 😞",negative,price
ZB-00648,2026-03-19,Gulshan,Foodpanda,5,"Worth every rupee, the family deal is excellent.",positive,price
ZB-00649,2026-03-19,Gulshan,Foodpanda,5,"Rider bohat polite tha, time pe aya order.",positive,delivery
ZB-00650,2026-03-19,DHA,Foodpanda,3,"Went with family. Delivery okay, food arrived lukewarm.",neutral,delivery
ZB-00651,2026-03-19,North Nazimabad,Foodpanda,1,"Visited for lunch. Prices bilkul reasonable hain, deal zabardast, but order wapis cancel karna para, delivery bohat late thi.",negative,delivery
ZB-00652,2026-03-19,DHA,Google,4,Went with family. Waiter ka behaviorbohat acha tha.,positive,service
ZB-00653,2026-03-19,Saddar,Foodpanda,5,"Went with family. Prices bilkul reasonable hain, deal zabardast 👍",positive,price
ZB-00654,2026-03-19,Saddar,Instagram,4,"Quick service, they remembered our order perfectly.",positive,service
ZB-00655,2026-03-19,DHA,Foodpanda,2,Dost ke saath gaye thay. Way too expensive for the portion size!,negative,price
ZB-00656,2026-03-19,North Nazimabad,Google,4,"Dost ke saath gaye thay. Manager personally checked on us, great service, beautiful decor and comfortable seating.",positive,service
ZB-00657,2026-03-19,Clifton,Google,5,"Great value for money, big portions!",positive,price
ZB-00658,2026-03-19,North Nazimabad,Facebook,3,"Food was okay, nothing special!",neutral,food
ZB-00659,2026-03-19,DHA,Facebook,3,"Delivery was on time but packaging was basic, staff theek tha, thora slow!",neutral,delivery
ZB-00660,2026-03-20,Saddar,Foodpanda,5,"Second time here. Karahi bohat zabardast thi, taste lajawab!",positive,food
ZB-00661,2026-03-20,DHA,Instagram,5,"Birthday dinner here. Rider bohat polite tha, time pe aya order!",positive,delivery
ZB-00662,2026-03-20,Gulshan,Facebook,5,"Manager personally checked on us, great service.",positive,service
ZB-00663,2026-03-20,Clifton,Google,4,"Birthday dinner here. Great rooftop view, very relaxing vibe 👍",positive,ambiance
ZB-00664,2026-03-20,Clifton,Facebook,3,"Went with family. Ambiance was okay, simple setup.",neutral,ambiance
ZB-00665,2026-03-20,Gulshan,Foodpanda,5,"Ordered on Friday night. Rider bohat polite tha, time pe aya order 👍",positive,delivery
ZB-00666,2026-03-21,Clifton,Foodpanda,5,"Hygiene standards were great, staff wore gloves 👍",positive,cleanliness
ZB-00667,2026-03-21,DHA,Facebook,2,"Second time here. They got our order wrong twice, no apology 😞",negative,service
ZB-00668,2026-03-21,North Nazimabad,Foodpanda,2,"Went with family. Too noisy and crowded, couldn't even talk.",negative,ambiance
ZB-00669,2026-03-21,Saddar,Instagram,5,"Great value for money, big portions!",positive,price
ZB-00670,2026-03-21,Gulshan,Google,1,Went with family. Delivery took over 90 minutes and food was cold!,negative,delivery
ZB-00671,2026-03-21,Gulshan,Foodpanda,1,Dost ke saath gaye thay. Wrong item delivered and no one picked my call.,negative,delivery
ZB-00672,2026-03-21,Clifton,Foodpanda,2,Visited for lunch. Wrong item delivered and no one picked my call.,negative,delivery
ZB-00673,2026-03-21,North Nazimabad,Google,4,Dost ke saath gaye thay. Waiter ka behavior bohat acha tha!,positive,service
ZB-00674,2026-03-21,Gulshan,Instagram,2,Second time here. Wrong item delivered and no one picked my call.,negative,delivery
ZB-00675,2026-03-21,North Nazimabad,Facebook,4,Second time here. Staff was very polite and helpful.,positive,service
ZB-00676,2026-03-22,North Nazimabad,Google,4,Naan was soft and the gravy was rich.,positive,food
ZB-00677,2026-03-22,Saddar,Instagram,4,"Ordered on Friday night. Very clean restaurant, tables spotless!",positive,cleanliness
ZB-00678,2026-03-22,Gulshan,Google,1,"Order wapis cancel karna para, delivery bohat late thi!",negative,delivery
ZB-00679,2026-03-22,Clifton,Google,1,Second time here. Delivery took over 90 minutes and food was cold!,negative,delivery
ZB-00680,2026-03-22,Clifton,Instagram,3,"Second time here. Cleanliness was acceptable, could be better.",neutral,cleanliness
ZB-00681,2026-03-22,Gulshan,Google,3,"Visited for lunch. Delivery okay, food arrived lukewarm.",neutral,delivery
ZB-00682,2026-03-22,Gulshan,Instagram,1,"Went with family. They got our orderwrong twice, no apology!",negative,service
ZB-00683,2026-03-22,DHA,Foodpanda,5,"Went with family. Worth every rupee, the family deal is excellent.",positive,price
ZB-00684,2026-03-22,Gulshan,Google,2,Dost ke saath gaye thay. Khana bilkul baasi lag raha tha.,negative,food
ZB-00685,2026-03-22,Gulshan,Facebook,5,"Second time here. Karahi bohat zabardast thi, taste lajawab.",positive,food
ZB-00686,2026-03-22,DHA,Facebook,2,"Birthday dinner here. Hidden charges added to the bill, very disappointing!",negative,price
ZB-00687,2026-03-22,Saddar,Foodpanda,5,Dost ke saath gaye thay. Delivery was super fast and food arrived hot.,positive,delivery
ZB-00688,2026-03-22,Saddar,Facebook,4,Ordered on Friday night. Beautiful decor and comfortable seating.,positive,ambiance
ZB-00689,2026-03-23,DHA,Instagram,1,Way too expensive for the portion size 😞,negative,price
ZB-00690,2026-03-23,Gulshan,Facebook,1,The food was cold and tasteless!,negative,food
ZB-00691,2026-03-23,Clifton,Foodpanda,3,"Birthday dinner here. Taste theek tha, bas average, ambiance was okay, simple setup.",neutral,food
ZB-00692,2026-03-23,Clifton,Instagram,4,"Second time here. Mahol bohat acha tha, music aur seating lajawab!",positive,ambiance
ZB-00693,2026-03-23,DHA,Google,5,"Prices bilkul reasonable hain, deal zabardast.",positive,price
ZB-00694,2026-03-23,Gulshan,Instagram,5,"Waiter ka behavior bohat acha tha, prices bilkul reasonable hain, deal zabardast.",positive,service
ZB-00695,2026-03-23,Saddar,Foodpanda,2,"Chicken was undercooked, very disappointing.",negative,food
ZB-00696,2026-03-23,Clifton,Instagram,3,"Staff theek tha, thora slow!",neutral,service
ZB-00697,2026-03-23,Gulshan,Instagram,4,Visited for lunch. Packaging was neat and delivery on time!,positive,delivery
ZB-00698,2026-03-23,DHA,Foodpanda,5,"Went with family. The biryani was amazing, perfectly spiced 👍",positive,food
ZB-00699,2026-03-23,DHA,Facebook,5,"Birthday dinner here. Khana bohat tasty tha, dil khush ho gaya.",positive,food
ZB-00700,2026-03-23,Gulshan,Instagram,3,Visited for lunch. Delivery was on time but packaging was basic.,neutral,delivery
ZB-00701,2026-03-23,Gulshan,Facebook,5,Ordered on Friday night. Waiter ka behavior bohat acha tha!,positive,service
ZB-00702,2026-03-24,North Nazimabad,Instagram,4,"Fresh and hot food, loved every bite.",positive,food
ZB-00703,2026-03-24,North Nazimabad,Google,3,"Second time here. Service was average, not bad not great!",neutral,service
ZB-00704,2026-03-24,DHA,Foodpanda,5,Second time here. Packaging was neat and delivery on time.,positive,delivery
ZB-00705,2026-03-24,Gulshan,Google,5,"Fresh and hot food, loved every bite 👍",positive,food
ZB-00706,2026-03-24,Gulshan,Facebook,2,Waiter was rude and ignored us.,negative,service
ZB-00707,2026-03-24,Saddar,Instagram,1,"Birthday dinner here. Tables were dirty and washroom was awful, prices bohat zyada hain, paisa wasool nahi!",negative,cleanliness
ZB-00708,2026-03-24,North Nazimabad,Instagram,5,"Ordered on Friday night. Worth every rupee, the family deal is excellent!",positive,price
ZB-00709,2026-03-24,Clifton,Facebook,5,"Ordered on Friday night. Safai ka bohat khayal rakha gaya, washrooms clean!",positive,cleanliness
ZB-00710,2026-03-24,DHA,Instagram,1,Went with family. Way too expensive for the portion size 😞,negative,price
ZB-00711,2026-03-24,DHA,Facebook,5,Packaging was neat and delivery on time 👍,positive,delivery
ZB-00712,2026-03-24,Gulshan,Google,3,Portion was decent but flavour was ordinary.,neutral,food
ZB-00713,2026-03-25,Gulshan,Facebook,1,"Second time here. Waiter ka behavior boat acha tha, but order wapis cancel karna para, delivery bohat late thi, they got our order wrong twice, no apology 😞",negative,delivery
ZB-00714,2026-03-25,DHA,Instagram,1,"Ordered on Friday night. Found hair in the food, ver unhygienic.",negative,cleanliness
ZB-00715,2026-03-25,Saddar,Google,5,"Great rooftop view, very relaxing vibe, delivery was super fast and food arrived hot.",positive,ambiance
ZB-00716,2026-03-25,Saddar,Instagram,4,"Worth every rupee, the family deal is excellent!",positive,price
ZB-00717,2026-03-25,North Nazimabad,Instagram,5,"Rider bohat polite tha, time pe aya order!",positive,delivery
ZB-00718,2026-03-25,Saddar,Foodpanda,4,"Order 25 minute mein pohanch gaya, great!",positive,delivery
ZB-00719,2026-03-25,Clifton,Foodpanda,5,"Mahol bohat acha tha, music aur seating lajawab 👍",positive,ambiance
ZB-00720,2026-03-25,Clifton,Instagram,2,Visited for lunch. The food was cold and tasteless!,negative,food
ZB-00721,2026-03-25,Gulshan,Google,4,"Birthday dinner here. Mahol bohat acha tha, music aur seating lajawab 👍",positive,ambiance
ZB-00722,2026-03-25,Gulshan,Google,4,Delivery was super fast and food arrived hot 👍,positive,delivery
ZB-00723,2026-03-25,Saddar,Google,5,"Dost ke saath gaye thay. Order 25 minute mein pohanch gaya, great.",positive,delivery
ZB-00724,2026-03-25,DHA,Foodpanda,4,Birthday dinner here. Naan was soft and the gravy was rich!,positive,food
ZB-00725,2026-03-26,Clifton,Google,2,Birthday dinner here. Karahi was too oily and salty.,negative,food
ZB-00726,2026-03-26,DHA,Instagram,5,Naan was soft and the gravy was rich.,positive,food
ZB-00727,2026-03-26,North Nazimabad,Google,3,Rates thore zyada hain but acceptable.,neutral,price
ZB-00728,2026-03-26,Clifton,Google,3,"Ordered on Friday night. Staff theek tha, thora slow.",neutral,service
ZB-00729,2026-03-27,Saddar,Google,5,"The biryani was amazing, perfectly spiced 👍",positive,food
ZB-00730,2026-03-27,Saddar,Google,4,"Rider bohat polite tha, time pe aya order, naan was soft and the gravy was rich 👍",positive,delivery
ZB-00731,2026-03-27,Clifton,Google,4,"Very clean restaurant, tables spotless!",positive,cleanliness
ZB-00732,2026-03-27,DHA,Google,1,"Birthday dinner here. Khana bohat tasty tha, dil khush ho gaya, but delivery took over 90 minutes and food was cold!",negative,delivery
ZB-00733,2026-03-27,Clifton,Google,1,"Went with famly. Wrong item delivered and no one picked my call, seating was uncomfortable and lighting too harsh.",negative,delivery
ZB-00734,2026-03-27,DHA,Facebook,4,"Second time here. Rider bohat polite tha, time pe aya order.",positive,delivery
ZB-00735,2026-03-27,North Nazimabad,Instagram,4,"Visited for lunch. Staff was very polite and helpful, great rooftop view, very relaxing vibe.",positive,service
ZB-00736,2026-03-27,North Nazimabad,Facebook,4,Dost ke saath gaye thay. Staff was very polite and helpful!,positive,service
ZB-00737,2026-03-28,Clifton,Facebook,4,"Ordered on Friday night. Order 25 minute mein pohanch gaya, great.",positive,delivery
ZB-00738,2026-03-28,DHA,Foodpanda,4,Second time here. Staff was very polite and helpful 👍,positive,service
ZB-00739,2026-03-28,Saddar,Facebook,3,"Visited for lunch. Safai theek thi, kuch khaas nahi!",neutral,cleanliness
ZB-00740,2026-03-28,DHA,Foodpanda,4,"Rider bohat polite tha, time pe aya order.",positive,delivery
ZB-00741,2026-03-28,Saddar,Google,4,Dost ke saath gaye thay. Staff was very polite and helpful.,positive,service
ZB-00742,2026-03-28,Gulshan,Foodpanda,3,"Dost ke saath gaye thay. Taste theek tha, bas average.",neutral,food
ZB-00743,2026-03-28,DHA,Foodpanda,1,Visited for lunch. Parking was a nightmare and place felt cramped 😞,negative,ambiance
ZB-00744,2026-03-28,Clifton,Foodpanda,5,"Hygiene standards were great, staff wore gloves.",positive,cleanliness
ZB-00745,2026-03-28,DHA,Facebook,1,Floor was sticky and the place smelled bad.,negative,cleanliness
ZB-00746,2026-03-29,Saddar,Google,2,Visited for lunch. The food was cold and tasteless 😞,negative,food
ZB-00747,2026-03-29,DHA,Foodpanda,3,Ordered on Friday night. Waiters were fine but a bit busy.,neutral,service
ZB-00748,2026-03-29,Clifton,Google,2,"Khana bilkul baasi lag raha tha, hidden charges added to the bill, very disappointing.",negative,food
ZB-00749,2026-03-29,DHA,Google,4,"Ordered on Friday night. Quick service, they remembered our order perfectly, beautiful decor and comfortable seating 👍",positive,service
ZB-00750,2026-03-29,DHA,Facebook,4,Waiter ka behavior bohat acha tha 👍,positive,service
ZB-00751,2026-03-29,Gulshan,Foodpanda,5,"Second time here. Quick service, they remembered our order perfectly 👍",positive,service
ZB-00752,2026-03-29,DHA,Facebook,5,"Manager personally checked on us, great service, great rooftop view, very relaxing vibe.",positive,service
ZB-00753,2026-03-30,North Nazimabad,Google,4,"The biryani was amazing, perfectly spiced 👍",positive,food
ZB-00754,2026-03-30,DHA,Instagram,5,"Quick service, they remembered our order perfectly.",positive,service
ZB-00755,2026-03-30,Saddar,Facebook,1,Floor was sticky and the place smelled bad.,negative,cleanliness
ZB-00756,2026-03-30,Clifton,Instagram,3,"Second time here. Cleanliness was acceptable, could be better, service was average, not bad not great.",neutral,cleanliness
ZB-00757,2026-03-30,Saddar,Facebook,1,"Chicken was undercooked, very disappointing!",negative,food
ZB-00758,2026-03-30,North Nazimabad,Foodpanda,1,Staff behaviour was unprofessional.,negative,service
ZB-00759,2026-03-31,North Nazimabad,Facebook,1,"Ordered on Friday night. Service bohat slow thi, 45 minute wait kiya.",negative,service
ZB-00760,2026-03-31,Gulshan,Google,1,"Packaging was leaking, gravy everywhere, hidden charges added to the bill, very disappointing.",negative,delivery
ZB-00761,2026-03-31,Gulshan,Facebook,5,"Second time here. The biryani was amazing, perfectly spiced, packaging was neat and delivery on time!",positive,food
ZB-00762,2026-03-31,DHA,Google,4,"Dost ke saath gaye thay. Great value for money, big portions!",positive,price
ZB-00763,2026-03-31,DHA,Facebook,5,Dost ke saath gaye thay. Beautiful decor and comfortable seating!,positive,ambiance
ZB-00764,2026-03-31,DHA,Google,4,"Dost ke saath gaye thay. Hygiene standards were great, staff wore gloves.",positive,cleanliness
ZB-00765,2026-03-31,Gulshan,Instagram,5,Staff was very polite and helpfl 👍,positive,service
ZB-00766,2026-03-31,Gulshan,Foodpanda,3,"Staff theek tha, thora slow, delivery was on time but packagingwas basic.",neutral,service
ZB-00767,2026-03-31,Saddar,Facebook,5,Naan was soft and the gravy was rich!,positive,food
ZB-00768,2026-03-31,Gulshan,Foodpanda,3,"Taste theek tha, bas average.",neutral,food
ZB-00769,2026-03-31,North Nazimabad,Facebook,2,"Second time here. Worth every rupee, the family deal is excellent, but packaging was leaking, gravy everywhere.",negative,delivery
ZB-00770,2026-03-31,Clifton,Facebook,5,Dost ke saath gaye thay. Packaging was neat and delivery on time.,positive,delivery
ZB-00771,2026-03-31,DHA,Google,5,"Second time here. Great rooftop view, very relaxing vibe!",positive,ambiance
ZB-00772,2026-03-31,North Nazimabad,Instagram,3,Prices are average for this area.,neutral,price
ZB-00773,2026-03-31,Clifton,Facebook,3,Second time here. Waiters were fine but a bit busy!,neutral,service
ZB-00774,2026-03-31,North Nazimabad,Instagram,5,"Birthday dinner here. Rider bohat polite tha, time pe aya order!",positive,delivery
ZB-00775,2026-04-01,North Nazimabad,Foodpanda,5,"Dost ke saath gaye thay. Staff was very polite and helpful, the biryani was amazing, perfectly spiced.",positive,service
ZB-00776,2026-04-01,Clifton,Foodpanda,2,"Dost ke saath gaye thay. Found hair in the food, very unhygienic 😞",negative,cleanliness
ZB-00777,2026-04-01,Clifton,Foodpanda,4,"Second time here. Rider bohat polite tha, time pe aya order 👍",positive,delivery
ZB-00778,2026-04-01,DHA,Facebook,1,"Dost ke saath gaye thay. Waiter was rude and ignored us, too noisy and crowded, couldn't even talk!",negative,service
ZB-00779,2026-04-01,DHA,Instagram,5,"Karahi bohat zabardast thi, taste lajawab!",positive,food
ZB-00780,2026-04-01,Clifton,Foodpanda,5,"Very clean restaurant, tables spotless.",positive,cleanliness
ZB-00781,2026-04-01,Clifton,Facebook,3,"Went with family. Staff theek tha, thora slow.",neutral,service
ZB-00782,2026-04-02,Clifton,Instagram,5,"Birhday dinner here. Manager personally checked on us, great service.",positive,service
ZB-00783,2026-04-02,North Nazimabad,Google,5,"Worth every rupee, the family deal is excellent.",positive,price
ZB-00784,2026-04-02,DHA,Facebook,5,"Khana bohat tasty tha, dil khush ho gaya.",positive,food
ZB-00785,2026-04-03,North Nazimabad,Foodpanda,2,Dost ke saath gaye thay. Parking was a nightmare and place felt cramped.,negative,ambiance
ZB-00786,2026-04-03,DHA,Foodpanda,3,"Ordered on Friday night. Cleanliness was acceptable, could be better!",neutral,cleanliness
ZB-00787,2026-04-03,Gulshan,Facebook,2,Went with family. Delivery took over 90 minute and food was cold.,negative,delivery
ZB-00788,2026-04-03,DHA,Facebook,5,Staff was very polite and helpful!,positive,service
ZB-00789,2026-04-04,DHA,Instagram,5,"Second time here. Mahol bohat acha tha, music aur seating lajawab 👍",positive,ambiance
ZB-00790,2026-04-04,Gulshan,Foodpanda,4,"Safai ka bohat khayal rakha gaya, washrooms clean!",positive,cleanliness
ZB-00791,2026-04-04,DHA,Facebook,3,"Taste theek tha, bas average.",neutral,food
ZB-00792,2026-04-04,North Nazimabad,Facebook,5,"Great rooftop view, very relaxing vibe 👍",positive,ambiance
ZB-00793,2026-04-04,Saddar,Google,3,Rates thore zyada hain but acceptable.,neutral,price
ZB-00794,2026-04-04,Gulshan,Foodpanda,4,"Birthday dinner here. Safai ka bohat khayal rakha gaya, washrooms clean.",positive,cleanliness
ZB-00795,2026-04-04,DHA,Facebook,5,"Manager personally cheked on us, great service 👍",positive,service
ZB-00796,2026-04-04,Clifton,Google,5,"Khana bohat tasty tha, dil khush ho gaya!",positive,food
ZB-00797,2026-04-04,DHA,Foodpanda,5,"Visited for lunch. Great value for money, big portions, packaging was neat and delivery on time.",positive,price
ZB-00798,2026-04-04,Clifton,Facebook,2,"Birthday dinner here. Found hair in the food, very unhygienic.",negative,cleanliness
ZB-00799,2026-04-04,Gulshan,Foodpanda,5,"Went with amily. Khana bohat tasty tha, dil khush ho gaya!",positive,food
ZB-00800,2026-04-05,DHA,Facebook,5,"Went with family. Fresh and hot food, loved every bite.",positive,food
ZB-00801,2026-04-05,DHA,Google,1,Went with family. Rider late aya aur order adhoora tha.,negative,delivery
ZB-00802,2026-04-05,North Nazimabad,Foodpanda,3,"Dost ke saath gaye thay. Cleanliness was acceptable, could be better.",neutral,cleanliness
ZB-00803,2026-04-05,DHA,Facebook,2,Went with family. Waiter was rude and ignored us!,negative,service
ZB-00804,2026-04-05,Clifton,Foodpanda,5,"Dost ke saath gaye thay. Packaging was neat and delivery on time, great value for money, big portions.",positive,delivery
ZB-00805,2026-04-05,DHA,Google,2,"Hidden charges added to the bill, very disappointing!",negative,price
ZB-00806,2026-04-05,North Nazimabad,Facebook,5,"Worth every rupee, the family deal is excellent.",positive,price
ZB-00807,2026-04-05,Saddar,Facebook,4,Packaging was neat and delivery on time!,positive,delivery
ZB-00808,2026-04-05,Saddar,Foodpanda,3,Dost ke saath gaye thay. Place was fairly clean but washroom needs attention!,neutral,cleanliness
ZB-00809,2026-04-05,North Nazimabad,Foodpanda,3,"Ordered on Friday night. Rider theek tha, order thora late aya.",neutral,delivery
ZB-00810,2026-04-05,Clifton,Facebook,1,"Dost ke saath gaye thay. Order wapis cancel karna para, delivery bohat late thi.",negative,delivery
ZB-00811,2026-04-05,Clifton,Facebook,3,"Second time here. Food was okay, nothing special.",neutral,food
ZB-00812,2026-04-06,DHA,Google,4,"Birthday dinner here. Fresh and hot food, loved every bite 👍",positive,food
ZB-00813,2026-04-06,North Nazimabad,Facebook,5,"Manager personally checked on us, great service!",positive,service
ZB-00814,2026-04-06,Gulshan,Foodpanda,1,Delivery took over 90 minutes and food was cold.,negative,delivery
ZB-00815,2026-04-06,Saddar,Instagram,5,"The biryani was amazing, perfectly spiced.",positive,food
ZB-00816,2026-04-06,North Nazimabad,Google,5,"Visited for lunch. Fresh and hot food, loved every bite!",positive,food
ZB-00817,2026-04-06,DHA,Foodpanda,5,Birthday dinner here. Naan was soft and the gravy was rich.,positive,food
ZB-00818,2026-04-06,Clifton,Facebook,4,"The biryani was amazing, perfectly spiced.",positive,food
ZB-00819,2026-04-06,Clifton,Foodpanda,2,"Second time here. The biryani was amazing, perfectly spiced, but too noisy and crowded, couldn't even talk.",negative,ambiance
ZB-00820,2026-04-06,North Nazimabad,Facebook,5,"Went with family. Karahi bohat zabardast thi, taste lajawab.",positive,food
ZB-00821,2026-04-07,Clifton,Instagram,4,"Fresh and hot food, loved every bite.",positive,food
ZB-00822,2026-04-07,Gulshan,Foodpanda,1,"Ordered on Friday night. Packaging was leaking, gravy everywhere, biryani mein masala bohat kam tha, bekar taste.",negative,delivery
ZB-00823,2026-04-07,Clifton,Google,5,"The biryani was amazing, perfectly spiced.",positive,food
ZB-00824,2026-04-07,Saddar,Foodpanda,1,"Birthday dinner here. Fresh and hot food, loved every bite, but safai bohat kharab thi, makhiyan thin.",negative,cleanliness
ZB-00825,2026-04-07,North Nazimabad,Google,1,"Birthday dinner here. Prices bilkul reasonable hain, deal zabardast, but found hair in the food, very unhygienic 😞",negative,cleanliness
ZB-00826,2026-04-07,Gulshan,Google,3,Second time here. ortion was decent but flavour was ordinary!,neutral,food
ZB-00827,2026-04-07,Clifton,Facebook,4,"Khana bohat tasty tha, dil khush h gaya.",positive,food
ZB-00828,2026-04-07,North Nazimabad,Google,4,"Second time here. The biryani was amazing, perfectly spiced 👍",positive,food
ZB-00829,2026-04-07,DHA,Google,5,Went with family. Staff was very polite and helpful.,positive,service
ZB-00830,2026-04-07,DHA,Facebook,5,"Manager personally checked on us, great service.",positive,service
ZB-00831,2026-04-07,North Nazimabad,Foodpanda,4,"Fresh and hot food, loved every bite.",positive,food
ZB-00832,2026-04-08,Gulshan,Instagram,3,"Birthday dinner here. Taste theek tha, bas average, delivery was on time but packaging was basic.",neutral,food
ZB-00833,2026-04-08,North Nazimabad,Instagram,4,Birthday dinner here. Staff was very polite and helpful 👍,positive,service
ZB-00834,2026-04-08,Clifton,Instagram,5,"Ordered on Friday night. Karahi bohat zabardast thi, taste lajawab.",positive,food
ZB-00835,2026-04-08,Gulshan,Foodpanda,2,Dost ke saath gaye hay. Waiter was rude and ignored us 😞,negative,service
ZB-00836,2026-04-08,Clifton,Facebook,1,Birthday dinner here. Waiter was rude and ignored us.,negative,service
ZB-00837,2026-04-08,DHA,Foodpanda,1,Staff behaviour was unprofessional.,negative,service
ZB-00838,2026-04-08,Clifton,Google,2,Wrong item delivered and no one picked my call.,negative,delivery
ZB-00839,2026-04-08,DHA,Instagram,1,Birthday dinner here. Seating was uncomfortable and lighting too harsh 😞,negative,ambiance
ZB-00840,2026-04-08,Clifton,Instagram,1,"Birthday dinner here. Order wapis cancel karna para, delivery bohat late thi, service bohat slow thi, 45 minute wait kiya 😞",negative,delivery
ZB-00841,2026-04-08,Clifton,Google,5,"Ordered on Friday night. Manager personally checked on us, great service.",positive,service
ZB-00842,2026-04-08,Gulshan,Instagram,5,"Birthday dinner here. Karahi bohat zabardast thi, taste lajawab 👍",positive,food
ZB-00843,2026-04-08,North Nazimabad,Google,4,"Went with family. Khana bohat tasty tha, dil khush ho gaya.",positive,food
ZB-00844,2026-04-08,Gulshan,Google,1,"Second time here. Hygiene standards were great, staff wore gloves, but packaging was leaking, gravy everywhere!",negative,delivery
ZB-00845,2026-04-09,Clifton,Instagram,2,"Visited for lunch. Safai bohat kharab thi, makhiyan thin 😞",negative,cleanliness
ZB-00846,2026-04-09,DHA,Foodpanda,1,"Birthday dinner here. Order wapis cancel karna para, delivery bohat late thi.",negative,delivery
ZB-00847,2026-04-09,DHA,Facebook,5,"Visited for lunch. Safai ka bohat khayal rakha gaya, washrooms clean.",positive,cleanliness
ZB-00848,2026-04-09,Gulshan,Instagram,5,"Visited for lunch. Very clean restaurant, tables spotless.",positive,cleanliness
ZB-00849,2026-04-09,Saddar,Foodpanda,4,Naan was soft and the gravy was rich.,positive,food
ZB-00850,2026-04-09,Saddar,Instagram,5,"Went with family. Order 25 minute mein pohanch gaya, great 👍",positive,delivery
ZB-00851,2026-04-09,North Nazimabad,Instagram,5,Visited for lunch. Staff was very polte and helpful 👍,positive,service
ZB-00852,2026-04-09,Clifton,Foodpanda,2,"Ordered on Friday night. Biryani mein masala bohat kam tha, bekar taste 😞",negative,food
ZB-00853,2026-04-09,Clifton,Instagram,4,"Birthday dinner here. Great rooftop view, very relaxing vibe.",positive,ambiance
ZB-00854,2026-04-09,North Nazimabad,Google,5,Second time here. Waiter ka behavior bohat acha tha.,positive,service
ZB-00855,2026-04-10,Clifton,Google,2,"Visited for lunch. Overpriced compared to other places in Karachi, safai bohat kharab thi, makhiyan thin 😞",negative,price
ZB-00856,2026-04-10,Gulshan,Google,2,Wentwith family. Rider late aya aur order adhoora tha.,negative,delivery
ZB-00857,2026-04-10,Clifton,Foodpanda,5,Naan was soft and the gravy was rich 👍,positive,food
ZB-00858,2026-04-10,DHA,Foodpanda,1,"Visited for lunch. The biryani was amazing, perfectly spiced, but packaging was leaking, gravy everywhere.",negative,delivery
ZB-00859,2026-04-10,Saddar,Google,5,"Great value for money, big portions!",positive,price
ZB-00860,2026-04-10,Gulshan,Google,3,"Visited for lunch. Delivery okay, food arrived lukewarm.",neutral,delivery
ZB-00861,2026-04-10,DHA,Facebook,5,Birthday dinner here. Naan was soft and the gravy was rich 👍,positive,food
ZB-00862,2026-04-10,DHA,Google,4,"Birthday dinner here. Mahol bohat acha tha, music aur seating lajawab.",positive,ambiance
ZB-00863,2026-04-10,Saddar,Foodpanda,2,Staff behaviour was unprofessional 😞,negative,service
ZB-00864,2026-04-10,DHA,Foodpanda,4,"Khana bohat tasty tha, dil khush ho gaya 👍",positive,food
ZB-00865,2026-04-10,Saddar,Instagram,1,Second time here. Rider late aya aur order adhoora tha.,negative,delivery
ZB-00866,2026-04-11,Clifton,Instagram,2,"They got our order wrong twice, no apology.",negative,service
ZB-00867,2026-04-11,North Nazimabad,Facebook,4,"Went with family. Rider bohat polite tha, time pe aya order!",positive,delivery
ZB-00868,2026-04-11,Saddar,Instagram,5,"Visited for lunch. Khana bohat tasty tha, dil khush ho gaya, very clean restaurant, tables spotless.",positive,food
ZB-00869,2026-04-11,North Nazimabad,Facebook,3,Visited for lunch. Delivery was on time but packaging was basic.,neutral,delivery
ZB-00870,2026-04-11,Saddar,Google,3,"Birthday dinner here. Fair pricing, nothing amazing.",neutral,price
ZB-00871,2026-04-11,Saddar,Google,5,"Beautiful decor and comfortable seating, delivery was super fast and food arrived hot 👍",positive,ambiance
ZB-00872,2026-04-11,Gulshan,Instagram,1,Went with family. Wrong item delivered and no one picked my call 😞,negative,delivery
ZB-00873,2026-04-11,Saddar,Google,5,"Ordered on Friday night. Rider bohat polite tha, time pe aya order.",positive,delivery
ZB-00874,2026-04-11,Saddar,Google,1,"Packaging was neat and delivery on time, but safai bohat kharab thi, makhiyan thin!",negative,cleanliness
ZB-00875,2026-04-11,DHA,Google,5,"Birthday dinner here. Hygiene standards were great, staff wore gloves.",positive,cleanliness
ZB-00876,2026-04-12,Saddar,Instagram,4,"Manager personally checked on us, great service.",positive,service
ZB-00877,2026-04-12,DHA,Facebook,5,"Quick service, they remembered our order perfectly.",positive,service
ZB-00878,2026-04-12,North Nazimabad,Facebook,1,"Second time here. They got our order wrong twice, no apology 😞",negative,service
ZB-00879,2026-04-12,Gulshan,Google,2,Birthday dinner here. Safai bohat kharab thi makhiyan thin.,negative,cleanliness
ZB-00880,2026-04-12,Clifton,Google,4,"Dost ke saath gaye thay. Very clean restaurant, tables spotless.",positive,cleanliness
ZB-00881,2026-04-12,Gulshan,Facebook,1,Second time here. Floor was sticky and the place smelled bad!,negative,cleanliness
ZB-00882,2026-04-12,Gulshan,Foodpanda,3,Prices are average for this aea!,neutral,price
ZB-00883,2026-04-12,Gulshan,Facebook,3,"Birthday dinner here. Taste theek tha, bas average.",neutral,food
ZB-00884,2026-04-12,Gulshan,Foodpanda,3,Went with family. Prices are average for this area.,neutral,price
ZB-00885,2026-04-13,North Nazimabad,Facebook,5,Naan was soft and the gravy was rich.,positive,food
ZB-00886,2026-04-13,DHA,Google,3,"Jagah theek thi, normal environment.",neutral,ambiance
ZB-00887,2026-04-13,Saddar,Google,1,Ordered on Friday night. Floor was sticky and the place smelled bad.,negative,cleanliness
ZB-00888,2026-04-13,Saddar,Google,2,Rider late aya aur order adhoora tha!,negative,delivery
ZB-00889,2026-04-13,North Nazimabad,Foodpanda,5,Waiter ka behavior bohat acha ta.,positive,service
ZB-00890,2026-04-13,DHA,Instagram,2,"Staff was very polite and helpful, but way too expensive for the portion size.",negative,price
ZB-00891,2026-04-13,Saddar,Instagram,5,"The biryani was amazing, perfectly spiced!",positive,food
ZB-00892,2026-04-13,North Nazimabad,Facebook,5,Waiter ka behavior boht acha tha.,positive,service
ZB-00893,2026-04-13,North Nazimabad,Google,4,"Great value for money, big potions!",positive,price
ZB-00894,2026-04-13,Gulshan,Google,2,Wrong item delivered and no one picked my call!,negative,delivery
ZB-00895,2026-04-14,DHA,Google,5,"Visited for lunch. Safai ka bohat khayal rakha gaya, washrooms clean, manager personally checked on us, great service.",positive,cleanliness
ZB-00896,2026-04-14,Clifton,Instagram,5,"Ordered onFriday night. Quick service, they remembered our order perfectly!",positive,service
ZB-00897,2026-04-14,Gulshan,Facebook,1,"Service bohat slow thi, 45 minute ait kiya.",negative,service
ZB-00898,2026-04-14,North Nazimabad,Instagram,5,"The biryani was amazing, perfectly spiced!",positive,food
ZB-00899,2026-04-14,Gulshan,Google,5,Ordered on Friday night. Waiter ka behavior bohat acha tha 👍,positive,service
ZB-00900,2026-04-14,DHA,Foodpanda,1,Rider late aya aur order adhoora tha 😞,negative,delivery
ZB-00901,2026-04-14,North Nazimabad,Google,3,"Delivery okay, food arrived lukewarm!",neutral,delivery
ZB-00902,2026-04-14,North Nazimabad,Google,5,Visited for lunch. Staff was very polite and helpful.,positive,service
ZB-00903,2026-04-14,Gulshan,Facebook,1,"Birthday dnner here. Too noisy and crowded, couldn't even talk.",negative,ambiance
ZB-00904,2026-04-14,Gulshan,Facebook,3,"Ordered on Friday night. Service was average, not bad not great, delivery was on time but packaging was basic.",neutral,service
ZB-00905,2026-04-14,Saddar,Google,1,The food was cold and tasteless 😞,negative,food
ZB-00906,2026-04-14,Gulshan,Facebook,2,Khana bilkul baasi lag raha tha.,negative,food
ZB-00907,2026-04-15,North Nazimabad,Google,3,"Dost ke saath gaye thay. Taste theek tha, bas average!",neutral,food
ZB-00908,2026-04-15,Saddar,Google,5,"Manager personally checked on us, great service!",positive,service
ZB-00909,2026-04-15,Saddar,Instagram,5,"Prices bilkul resonable hain, deal zabardast 👍",positive,price
ZB-00910,2026-04-15,DHA,Google,5,"Manager personally checked on us, great service.",positive,service
ZB-00911,2026-04-15,Saddar,Facebook,4,Delivery was super fast and food arrived hot.,positive,delivery
ZB-00912,2026-04-15,Saddar,Google,5,"Birthday dinner here. The biryani was amazing, perfectly spiced.",positive,food
ZB-00913,2026-04-15,DHA,Facebook,4,Beautiful decor and comfortable seating.,positive,ambiance
ZB-00914,2026-04-15,North Nazimabad,Facebook,2,Wrong item delivered and no one picked my call 😞,negative,delivery
ZB-00915,2026-04-15,Gulshan,Foodpanda,1,"AC kharab tha, bohat garmi thi.",negative,ambiance
ZB-00916,2026-04-15,North Nazimabad,Foodpanda,1,Birthday dinner here. Seating was uncomfortable and lighting too harsh.,negative,ambiance
ZB-00917,2026-04-15,Clifton,Facebook,5,"Safai ka bohat khayal rakha gaya, washrooms clean 👍",positive,cleanliness
ZB-00918,2026-04-15,DHA,Facebook,5,"Visited for lunch. Order 25 minute mein pohanch gaya, reat 👍",positive,delivery
ZB-00919,2026-04-15,Gulshan,Facebook,1,"Safai bohat kharab thi, makhiyan thin 😞",negative,cleanliness
ZB-00920,2026-04-16,Gulshan,Facebook,5,Went with family. Packaging was neat and delivery on time.,positive,delivery
ZB-00921,2026-04-16,Clifton,Facebook,3,"Taste thek tha, bas average.",neutral,food
ZB-00922,2026-04-16,Saddar,Facebook,4,"Quick service, they remembered our order perfectly!",positive,service
ZB-00923,2026-04-16,North Nazimabad,Facebook,5,"Ordered on Friday night. Safai ka bohat khayal rakha gaya, washrooms clean!",positive,cleanliness
ZB-00924,2026-04-16,Gulshan,Instagram,5,"Birthday dinner here. Waiter ka behavior bohat acha tha, very clean restaurant, tables spotless.",positive,service
ZB-00925,2026-04-16,Gulshan,Google,5,"Karahi bohat zabardast thi, taste lajawab 👍",positive,food
ZB-00926,2026-04-17,DHA,Google,5,Naan was soft and the gravy was rich.,positive,food
ZB-00927,2026-04-17,North Nazimabad,Google,3,"Went with family. Rider theek tha, order thora late aya.",neutral,delivery
ZB-00928,2026-04-17,Gulshan,Foodpanda,5,Waiter ka ehavior bohat acha tha.,positive,service
ZB-00929,2026-04-17,Gulshan,Facebook,5,"Prices bilkul reasonable hain, deal zabardast!",positive,price
ZB-00930,2026-04-17,Clifton,Foodpanda,1,"Chicken was undercooked, very disappointing.",negative,food
ZB-00931,2026-04-17,Gulshan,Instagram,4,"Fresh and hot food, loved every bite 👍",positive,food
ZB-00932,2026-04-18,Gulshan,Google,1,"Birthday dinner here. Packaging was leaking, gravy everywhere 😞",negative,delivery
ZB-00933,2026-04-18,DHA,Foodpanda,5,"Went with family. Manager personally checked on us, great service!",positive,service
ZB-00934,2026-04-18,North Nazimabad,Google,5,"Mahol bohat acha tha, music aur seating lajawab, great value for money, big portions!",positive,ambiance
ZB-00935,2026-04-18,Gulshan,Google,2,"Visited for lunch. Packaging was leaking, gravy everywhere, way too expensive for the portion size.",negative,delivery
ZB-00936,2026-04-18,Gulshan,Facebook,4,"Safai ka bohat khayal rakha gaya, washrooms clean.",positive,cleanliness
ZB-00937,2026-04-18,DHA,Foodpanda,1,"Visited for lunch. Packaging was leaking, gravy everywhere, service bohat slow thi, 45 minute wait kiya 😞",negative,delivery
ZB-00938,2026-04-18,DHA,Foodpanda,2,"The food was cold and tasteless, way too expensive for the portion size.",negative,food
ZB-00939,2026-04-18,DHA,Instagram,1,"Birthday dinner here. Too noisy and crowded, couldn't even talk, safai bohat kharab thi, makhiyan thin 😞",negative,ambiance
ZB-00940,2026-04-18,Clifton,Foodpanda,4,Second time here. Beautiful decor and comfortable seating.,positive,ambiance
ZB-00941,2026-04-18,Gulshan,Google,3,"Second time here. Cleanliness was acceptable, could be better.",neutral,cleanliness
ZB-00942,2026-04-18,Gulshan,Instagram,1,"Second time here. Order wapis cancel karna para, delivery bohat late thi, waiter was rude and ignored us 😞",negative,delivery
ZB-00943,2026-04-18,Gulshan,Foodpanda,4,Ordered on Friday night. Waiter ka ehavior bohat acha tha!,positive,service
ZB-00944,2026-04-18,North Nazimabad,Facebook,5,"Dost ke saath gaye thay. Worth every rupee, the family deal is excellent.",positive,price
ZB-00945,2026-04-18,Saddar,Instagram,1,Ordered on Friday night. Delivery took over 90 minutes and food was cold 😞,negative,delivery
ZB-00946,2026-04-19,DHA,Foodpanda,1,"Birthday dinner here. Chcken was undercooked, very disappointing.",negative,food
ZB-00947,2026-04-19,Gulshan,Google,4,Dost ke saath gaye thay. Naan was soft and the gravy was rich 👍,positive,food
ZB-00948,2026-04-19,Saddar,Foodpanda,5,Birthday dinner here. Waiter ka behavior bohat acha tha.,positive,service
ZB-00949,2026-04-19,DHA,Google,3,"Staff theek tha, thora slow.",neutral,service
ZB-00950,2026-04-19,Gulshan,Google,4,"Dost ke saath gaye thay. Fresh and hot food, loved every bite!",positive,food
ZB-00951,2026-04-19,Gulshan,Facebook,1,Way too expensive for the portion size.,negative,price
ZB-00952,2026-04-19,DHA,Instagram,5,Went with family. Packaging was neat and delivery on time.,positive,delivery
ZB-00953,2026-04-19,Gulshan,Google,5,"Second time here. Rider bohat polite tha, time pe aya order.",positive,delivery
ZB-00954,2026-04-19,Clifton,Foodpanda,5,"Birthday dinner here. Great rooftop view, very relaxing vibe 👍",positive,ambiance
ZB-00955,2026-04-20,Clifton,Google,3,"Service was average, not bad not great.",neutral,service
ZB-00956,2026-04-20,Saddar,Instagram,5,Naan was soft and the gravy was rich.,positive,food
ZB-00957,2026-04-20,North Nazimabad,Instagram,5,"Visited for lunch. Fresh and hot food, loved every bite 👍",positive,food
ZB-00958,2026-04-20,Clifton,Foodpanda,3,Delivery was on ime but packaging was basic!,neutral,delivery
ZB-00959,2026-04-20,DHA,Google,4,"Birthday dinner here. Fresh and hot food, loved every bite!",positive,food
ZB-00960,2026-04-20,Clifton,Google,5,"Order 25 minute min pohanch gaya, great.",positive,delivery
ZB-00961,2026-04-20,North Nazimabad,Facebook,5,Packaging was neat and delivery on time.,positive,delivery
ZB-00962,2026-04-20,Gulshan,Foodpanda,5,Ordered on Friday night. Staff was ery polite and helpful 👍,positive,service
ZB-00963,2026-04-20,North Nazimabad,Instagram,5,"Dost ke saath gaye thay. Prices bilkul reasonabl hain, deal zabardast!",positive,price
ZB-00964,2026-04-21,DHA,Google,5,"Visited for lunch. Khana bohat tasty tha, dil khush ho gaya.",positive,food
ZB-00965,2026-04-21,Saddar,Facebook,5,"Dost ke saath gaye thay. The biryani was amazing, perfectly spiced 👍",positive,food
ZB-00966,2026-04-21,Clifton,Facebook,3,Rates thore zyada hain but acceptable!,neutral,price
ZB-00967,2026-04-22,Clifton,Google,5,Dost ke saath gaye thay. Beautiful decor and comfortable seating!,positive,ambiance
ZB-00968,2026-04-22,DHA,Instagram,3,Went with family. Decent place but nothing memorable!,neutral,ambiance
ZB-00969,2026-04-22,Gulshan,Foodpanda,4,"Manager personally checked on us, great service!",positive,service
ZB-00970,2026-04-22,Clifton,Google,1,"Birthday dinner here. Order wapis cancel karna para, delivery bohat late thi 😞",negative,delivery
ZB-00971,2026-04-22,Clifton,Facebook,5,Dost ke saath gaye thay. Naan was soft and the gravy was rich.,positive,food
ZB-00972,2026-04-22,Gulshan,Instagram,3,"Fair pricing, nothing amazing.",neutral,price
ZB-00973,2026-04-22,North Nazimabad,Foodpanda,2,"Dost ke saath gaye thay. They got our order wrong twice, no apology!",negative,service
ZB-00974,2026-04-22,North Nazimabad,Google,5,"Lovely ambiance, perfectfor family dinner 👍",positive,ambiance
ZB-00975,2026-04-22,Gulshan,Instagram,1,Birthday dinner here. Waiter was rude and ignored us.,negative,service
ZB-00976,2026-04-22,Saddar,Foodpanda,5,"Dost ke saath gaye thay. The biryani was amazing, perfectly spiced.",positive,food
ZB-00977,2026-04-23,North Nazimabad,Instagram,4,"Went with family. Packaging was neat and delivery on time, prices bilkul reasonable hain, deal zabardast.",positive,delivery
ZB-00978,2026-04-23,Saddar,Instagram,1,"Safai bohat kharab thi, makhiyan thin.",negative,cleanliness
ZB-00979,2026-04-23,Clifton,Google,4,"Birthday dinner here. Prices bilkul reasonable hain, deal zabardast!",positive,price
ZB-00980,2026-04-23,North Nazimabad,Instagram,1,"They got our order wrong twice, no apology, prices bohat zyada hain, paisa wasool nahi.",negative,service
ZB-00981,2026-04-23,North Nazimabad,Facebook,3,"Visited for lunch. Delivery okay, food arrived lukewarm!",neutral,delivery
ZB-00982,2026-04-23,Saddar,Facebook,1,"Service bohat slow thi, 45minute wait kiya 😞",negative,service
ZB-00983,2026-04-23,Clifton,Foodpanda,5,"Order 25 minute mein pohanh gaya, great!",positive,delivery
ZB-00984,2026-04-23,Saddar,Facebook,4,Visited for lunch. Naan was soft and the gravy was rich!,positive,food
ZB-00985,2026-04-23,Clifton,Foodpanda,5,"Great rooftop view, very relaxing vibe.",positive,ambiance
ZB-00986,2026-04-23,North Nazimabad,Foodpanda,2,"Service bohat slow thi, 45 minute wait kiya.",negative,service
ZB-00987,2026-04-23,DHA,Instagram,4,"Went with family. Khana bohat tastytha, dil khush ho gaya!",positive,food
ZB-00988,2026-04-24,Gulshan,Instagram,2,Visited for lunch. Wrong item delivered and no one picked my call.,negative,delivery
ZB-00989,2026-04-24,North Nazimabad,Foodpanda,1,Second time here. Floor was sticky and the place smelled bad.,negative,cleanliness
ZB-00990,2026-04-24,North Nazimabad,Instagram,5,Dost ke saath gaye thay. Naan was soft and the gravy was rich.,positive,food
ZB-00991,2026-04-24,Gulshan,Foodpanda,5,"Second time here. Karai bohat zabardast thi, taste lajawab!",positive,food
ZB-00992,2026-04-24,Gulshan,Google,1,"Ordered on Friday night. Very clean restaurant, tables spotless, but dlivery took over 90 minutes and food was cold.",negative,delivery
ZB-00993,2026-04-24,Saddar,Foodpanda,2,Ordered on Friday night. Delivery took over 90 minutes and food was cold!,negative,delivery
ZB-00994,2026-04-24,Saddar,Google,5,Ordered on Friday night. Packaging was neat and delivery on time.,positive,delivery
ZB-00995,2026-04-25,DHA,Foodpanda,4,Visited for lunch. Waiter ka behavior bohat acha tha.,positive,service
ZB-00996,2026-04-25,North Nazimabad,Google,5,Staff was very polite and helpful 👍,positive,service
ZB-00997,2026-04-25,Clifton,Facebook,4,"Order 25 minute mein pohanch gaya, great.",positive,delivery
ZB-00998,2026-04-25,Clifton,Foodpanda,5,Second time here. Naan was soft and the gravy was rich 👍,positive,food
ZB-00999,2026-04-25,Clifton,Foodpanda,5,"Second time here. Karahi bohat zabardast thi, taste lajawab.",positive,food
ZB-01000,2026-04-25,Gulshan,Instagram,3,"Went with family. Cleanliness was acceptable, could be better.",neutral,cleanliness
ZB-01001,2026-04-25,DHA,Facebook,5,"Ordered on Friday night. Mahol bohat acha tha, music aur seating lajawab, very clean restaurant, tables spotless.",positive,ambiance
ZB-01002,2026-04-25,Clifton,Facebook,3,Went with family. Portion was decent but flavour was ordinary.,neutral,food
ZB-01003,2026-04-25,Gulshan,Google,4,Naan was soft and the gravy was rich.,positive,food
ZB-01004,2026-04-25,North Nazimabad,Instagram,5,"Rider bohat polite tha, time pe aya order, beautiful decor and comfortable seating!",positive,delivery
ZB-01005,2026-04-25,DHA,Instagram,5,"Dost ke saath gaye thay. Great rooftop view, very relaxing vibe 👍",positive,ambiance
ZB-01006,2026-04-26,Gulshan,Facebook,3,"Birthday dinner here. Food was okay, nothing specal.",neutral,food
ZB-01007,2026-04-26,DHA,Facebook,1,Ordered on Friday night. Rider late aya aur order adhoora tha.,negative,delivery
ZB-01008,2026-04-26,Gulshan,Foodpanda,4,Visited for lunch. Waiter ka behavior bohat acha tha!,positive,service
ZB-01009,2026-04-26,Gulshan,Google,3,Went with family. Delivery was on time but packaging was basic!,neutral,delivery
ZB-01010,2026-04-26,Gulshan,Instagram,2,Birthday dinner here. Wrong item delivered and no one picked my call.,negative,delivery
ZB-01011,2026-04-26,Gulshan,Facebook,2,"Birthday dinner here. Biryani mein masala bohat kam tha, bekar taste.",negative,food
ZB-01012,2026-04-27,Saddar,Instagram,5,Second time here. Naan was soft and the gravy was rich.,positive,food
ZB-01013,2026-04-27,DHA,Instagram,5,Visited for lunch. Delivery as super fast and food arrived hot 👍,positive,delivery
ZB-01014,2026-04-27,North Nazimabad,Foodpanda,5,"Prices bilkul reasonable hain, deal zabardast!",positive,price
ZB-01015,2026-04-27,Clifton,Instagram,2,"Worth every rupee, the family deal is excellent, but karahi was too oily and salty.",negative,food
ZB-01016,2026-04-27,DHA,Facebook,5,Naan was soft and the gravy was rich!,positive,food
ZB-01017,2026-04-27,Clifton,Google,3,Dost ke saath gaye thay. Delivery was on time but packaging was basic!,neutral,delivery
ZB-01018,2026-04-27,Clifton,Instagram,4,"Hygene standards were great, staff wore gloves.",positive,cleanliness
ZB-01019,2026-04-27,Gulshan,Google,5,"Dost ke saath gaye thay. Hygiene standards were great, staff wore gloves 👍",positive,cleanliness
ZB-01020,2026-04-27,North Nazimabad,Facebook,2,"Second time here. Service bohat slow thi, 45 minute wait kiya 😞",negative,service
ZB-01021,2026-04-27,Gulshan,Facebook,3,"Dost ke saath gaye thay. Taste theek tha, bas average, ambiance was okay, simple setup!",neutral,food
ZB-01022,2026-04-28,DHA,Instagram,5,"Visited for lunch. Fresh and hot food, loved every bite!",positive,food
ZB-01023,2026-04-28,North Nazimabad,Instagram,1,"Birthday dinner here. AC kharab tha, bohat garmi thi.",negative,ambiance
ZB-01024,2026-04-28,Gulshan,Instagram,1,"Packaging was leaking, gravy everywhere, staff behaviour was unprofessional.",negative,delivery
ZB-01025,2026-04-28,Saddar,Facebook,3,"Visited for lunch. Food was okay, nothing special!",neutral,food
ZB-01026,2026-04-28,Saddar,Facebook,3,"Delivery okay, food arrived lukewarm.",neutral,delivery
ZB-01027,2026-04-28,Gulshan,Foodpanda,2,"Ordered on Friday night. Chicken was undercooked, very disappointing!",negative,food
ZB-01028,2026-04-28,North Nazimabad,Foodpanda,4,"Manager personally checked on us, great service 👍",positive,service
ZB-01029,2026-04-28,Gulshan,Facebook,5,Went with family. Naan was soft and the gravy was rich.,positive,food
ZB-01030,2026-04-28,Gulshan,Instagram,2,Second time here. Tables were dirty and washroom was awful!,negative,cleanliness
ZB-01031,2026-04-28,North Nazimabad,Facebook,2,Staff behaviour was unprofessional.,negative,service
ZB-01032,2026-04-28,Gulshan,Foodpanda,1,"Order wapis cancel karna para, delivery bohat late thi 😞",negative,delivery
ZB-01033,2026-04-28,North Nazimabad,Google,1,"Birthday dinner here. Order wapis cancel karna para, delivery bohat late thi, hidden charges added to the bill, very disappointing 😞",negative,delivery
ZB-01034,2026-04-28,North Nazimabad,Google,5,Ordered on Friday night. Naan was soft and the gravy was rich 👍,positive,food
ZB-01035,2026-04-29,Gulshan,Foodpanda,2,Went with family. Delivery took over 90 minutes and food was cold.,negative,delivery
ZB-01036,2026-04-29,Saddar,Foodpanda,1,Second time here. Karahi was too oily and salty.,negative,food
ZB-01037,2026-04-29,Gulshan,Instagram,5,Ordered on Friday night. Naan was soft and the gravy was rich!,positive,food
ZB-01038,2026-04-29,DHA,Google,1,"Biryani mein masala bohat kam tha, ekar taste 😞",negative,food
ZB-01039,2026-04-29,Gulshan,Foodpanda,4,"Dost ke saath gaye thay. The biryani was amazing, perfectly spiced!",positive,food
ZB-01040,2026-04-29,Clifton,Facebook,3,Decent place but nothing memorable.,neutral,ambiance
ZB-01041,2026-04-29,Saddar,Facebook,3,Second time here. Decent place but nothing memorable.,neutral,ambiance
ZB-01042,2026-04-29,Clifton,Facebook,2,Birthday dinner here. Way too expensive for the portion size 😞,negative,price
ZB-01043,2026-04-29,North Nazimabad,Facebook,1,"Lovely ambiance, perfect for family dinner, but way too expensive for the portion size.",negative,price
ZB-01044,2026-04-29,North Nazimabad,Google,3,"Visited for lunch. Food was okay, nothing special.",neutral,food
ZB-01045,2026-04-29,North Nazimabad,Foodpanda,4,"Dost ke saath gaye thay. Packaging was neat and delivery on time, khana bohat tasty tha, dil khush ho gaya.",positive,delivery
ZB-01046,2026-04-29,Gulshan,Instagram,3,"Visited for lunch. Food was okay, nothing special.",neutral,food
ZB-01047,2026-04-29,Saddar,Facebook,5,Dost ke saath gaye thay. Waiter ka behavior bohat acha tha.,positive,service
ZB-01048,2026-04-30,Gulshan,Google,5,"Mahol bohat acha tha, music aur seating lajawab.",positive,ambiance
ZB-01049,2026-04-30,North Nazimabad,Facebook,1,Overpriced compared to other places in Karachi 😞,negative,price
ZB-01050,2026-04-30,DHA,Google,5,"Visited for lunch. The biryani was amazing, perfectly spiced 👍",positive,food
ZB-01051,2026-04-30,Gulshan,Foodpanda,2,Birthday dinner here. Karahi was too oily and salty.,negative,food
ZB-01052,2026-04-30,Saddar,Instagram,4,"Went with family. Manager personally checked on us, great service 👍",positive,service
ZB-01053,2026-04-30,North Nazimabad,Foodpanda,3,Decent place but nothing memorable.,neutral,ambiance
ZB-01054,2026-04-30,Gulshan,Facebook,3,"Dost ke saath gaye thay. Taste theek tha, bas average.",neutral,food
ZB-01055,2026-04-30,Clifton,Foodpanda,5,"Went with family. Safai ka bohat khayal rakha gaya, washrooms clean, khana bohat tasty tha, dil khush ho gaya!",positive,cleanliness
ZB-01056,2026-04-30,North Nazimabad,Facebook,5,Delivery as super fast and food arrived hot.,positive,delivery
ZB-01057,2026-04-30,DHA,Facebook,5,"Visited for lunch. Quick service, they remembered our order perfectly!",positive,service
ZB-01058,2026-04-30,Gulshan,Facebook,1,"Dost ke saath gaye thay. AC kharab tha, bohat garmi thi.",negative,ambiance
ZB-01059,2026-04-30,Gulshan,Foodpanda,3,Went with family. Rates thore zyada hain but acceptable.,neutral,price
ZB-01060,2026-04-30,Saddar,Foodpanda,3,"Ordered on Friday night. Service was average, not bad not great, food was okay, nothing special!",neutral,service
ZB-01061,2026-04-30,Gulshan,Foodpanda,1,"Ordered on Friday night. Safai bohat kharab thi, makhiyan thin!",negative,cleanliness
ZB-01062,2026-04-30,North Nazimabad,Foodpanda,5,"Visited for lunch. Great value for money, big portions 👍",positive,price
ZB-01063,2026-04-30,Clifton,Google,3,"Ordered on Friday night. Food was okay, nothing special.",neutral,food
ZB-01064,2026-05-01,Gulshan,Instagram,2,"Birthday dinner here. Delivery was super fast and food arrived hot, but biryani mein masala bohat kam tha, bekar taste.",negative,food
ZB-01065,2026-05-01,Clifton,Foodpanda,4,Dost ke saath gaye thay. Packaging was neat and delivery on time.,positive,delivery
ZB-01066,2026-05-01,DHA,Facebook,4,Went with family. Packaging was neat and delivery on time!,positive,delivery
ZB-01067,2026-05-01,Saddar,Instagram,3,Second time here. Waiters were fine but a bit busy.,neutral,service
ZB-01068,2026-05-01,Gulshan,Foodpanda,5,"Birthday dinner here. Quick service, they remembered our order perfectly 👍",positive,service
ZB-01069,2026-05-01,Gulshan,Foodpanda,3,"Service was average, not bad not great.",neutral,service
ZB-01070,2026-05-02,DHA,Foodpanda,5,"Gret value for money, big portions!",positive,price
ZB-01071,2026-05-02,Saddar,Foodpanda,4,"Very clean restaurant, tables spotless.",positive,cleanliness
ZB-01072,2026-05-02,North Nazimabad,Google,5,Second time here. Waiter ka behavior bohat acha tha.,positive,service
ZB-01073,2026-05-02,Gulshan,Facebook,3,"Visited for lunch. Taste theek tha, bas average!",neutral,food
ZB-01074,2026-05-02,Clifton,Foodpanda,5,"Great value for money, big portions.",positive,price
ZB-01075,2026-05-02,Gulshan,Foodpanda,3,"Delivery okay, food arrived lukewarm.",neutral,delivery
ZB-01076,2026-05-02,Saddar,Google,3,"Dost ke saath gaye thay. Staff theek tha, thora slow.",neutral,service
ZB-01077,2026-05-02,Clifton,Instagram,5,"Birthday dinner here. Rider bohat polite tha, time pe aya order 👍",positive,delivery
ZB-01078,2026-05-02,North Nazimabad,Instagram,1,"Birthday dinner here. Very clean restaurant, tables spotless, but way too expensive for the portion size!",negative,price
ZB-01079,2026-05-02,North Nazimabad,Google,3,"Birthday dinner here. Service was average, not bad not great, safai theek thi, kuch khaas nahi.",neutral,service
ZB-01080,2026-05-03,Saddar,Google,1,"Second time here. Floor was sticky and the place smelled bad, karahi was too oily and salty!",negative,cleanliness
ZB-01081,2026-05-03,Saddar,Instagram,1,Visited for lunch. Floor was sticky and the place smelled bad.,negative,cleanliness
ZB-01082,2026-05-03,North Nazimabad,Facebook,5,"Birthday dinner here. Rider bohat polite tha, time pe aya order.",positive,delivery
ZB-01083,2026-05-03,Clifton,Instagram,3,Dost ke saath gaye thay. Decent place but nothing memorable.,neutral,ambiance
ZB-01084,2026-05-03,Gulshan,Facebook,5,"Birthday dinner here. Rider bohat polite tha, time pe aya order.",positive,delivery
ZB-01085,2026-05-03,Gulshan,Foodpanda,5,"Went with family. Fresh and hot food, loved every bite.",positive,food
ZB-01086,2026-05-03,Clifton,Instagram,5,"Ordered on Friday night. Great value for money, big portions 👍",positive,price
ZB-01087,2026-05-04,Clifton,Foodpanda,4,"Went with family. Order 25 minute mein pohanch gaya, great!",positive,delivery
ZB-01088,2026-05-04,DHA,Facebook,5,"Went with family. Order 25 minute mein pohanch gaya, great 👍",positive,delivery
ZB-01089,2026-05-04,North Nazimabad,Instagram,2,"They got our order wrong twice, no apology 😞",negative,service
ZB-01090,2026-05-04,North Nazimabad,Instagram,5,"Khana bohat tasty tha, dil khush ho gaya!",positive,food
ZB-01091,2026-05-04,North Nazimabad,Google,2,Ordered on Friday night. Staff behaviour was unprofessional.,negative,service
ZB-01092,2026-05-04,DHA,Facebook,3,"Service was average, not bad not great!",neutral,service
ZB-01093,2026-05-04,North Nazimabad,Google,5,"Ordered on Friday night. Order 25 minute mein pohanch gaya, great!",positive,delivery
ZB-01094,2026-05-04,DHA,Facebook,1,"Went with family. Overpriced compared to other places in Karachi, seating was uncomfortable and lighting too harsh 😞",negative,price
ZB-01095,2026-05-04,Gulshan,Foodpanda,1,"Visited for lunch. They got our order wrong twice, no apology 😞",negative,service
ZB-01096,2026-05-04,Gulshan,Instagram,5,"Khana bohat tasty tha, dil khush ho gaya, very clean restaurant, tables sptless 👍",positive,food
ZB-01097,2026-05-04,Clifton,Facebook,4,"Birthday dinner here. Prices bilkul reasonable hain, deal zabardast 👍",positive,price
ZB-01098,2026-05-04,North Nazimabad,Facebook,5,"Dost ke saath gaye thay. Lovely ambiance, perfect for family dinner.",positive,ambiance
ZB-01099,2026-05-04,Gulshan,Foodpanda,4,"Went with family. Mahol bohat acha tha, music aur seating lajawab.",positive,ambiance
ZB-01100,2026-05-04,Gulshan,Facebook,5,"Birthday dinner here. Very clean restaurant, tables spotless 👍",positive,cleanliness
ZB-01101,2026-05-05,Saddar,Facebook,3,"Second time here. Service was average, not bad not great.",neutral,service
ZB-01102,2026-05-05,Clifton,Google,2,Birthday dinner here. Staff behaviour was unprofessional.,negative,service
ZB-01103,2026-05-05,Clifton,Instagram,5,"The biryani was amazing, perfectly spiced, waiter ka behavior bohat acha tha!",positive,food
ZB-01104,2026-05-05,Gulshan,Facebook,5,"Birthday dinner here. Quick service, they remembered our order perfectly.",positive,service
ZB-01105,2026-05-05,Gulshan,Instagram,3,"Dost ke saath gaye thay. Taste theek tha, bas average, delivery okay, food arrived lukewarm.",neutral,food
ZB-01106,2026-05-05,North Nazimabad,Instagram,2,Dost ke saath gaye thay. Floor was sticky and the place smelled bad 😞,negative,cleanliness
ZB-01107,2026-05-05,North Nazimabad,Foodpanda,3,Dost ke saath gaye thay. Delivery was on time but packaging was basic.,neutral,delivery
ZB-01108,2026-05-05,North Nazimabad,Facebook,5,Birthday dinner here. Waiter ka behavior bohat acha tha!,positive,service
ZB-01109,2026-05-05,DHA,Instagram,5,"Prices bilkul reasonable hain, deal zabardast.",positive,price
ZB-01110,2026-05-05,Saddar,Foodpanda,5,"Dost ke saath gaye thay. Khanabohat tasty tha, dil khush ho gaya.",positive,food
ZB-01111,2026-05-05,Clifton,Facebook,1,"Ordered on Friday night. Biryani mein masala bohat kam tha, bekar taste!",negative,food
ZB-01112,2026-05-05,North Nazimabad,Foodpanda,5,"Visited for lunch. Order 25 minute mein pohanch gaya, great!",positive,delivery
ZB-01113,2026-05-05,Saddar,Facebook,2,Dost ke saath gaye thay. Floor was sticky and the place smelled bad.,negative,cleanliness
ZB-01114,2026-05-05,DHA,Facebook,1,Second time here. Karahi was too oily and salty 😞,negative,food
ZB-01115,2026-05-05,DHA,Google,4,"Great rooftop view, very relaxing vibe!",positive,ambiance
ZB-01116,2026-05-06,Saddar,Instagram,4,"Lovely ambiance, perfect for family dinner.",positive,ambiance
ZB-01117,2026-05-06,Clifton,Instagram,4,"Second time here. Great rooftop view, very relaxing vibe.",positive,ambiance
ZB-01118,2026-05-06,DHA,Facebook,5,"Great rooftop view, very relaxing vibe.",positive,ambiance
ZB-01119,2026-05-06,North Nazimabad,Foodpanda,4,"Birthday dinner here. Very clean restaurant, tables spotless, worth every rupee, the family deal is excellent.",positive,cleanliness
ZB-01120,2026-05-06,DHA,Foodpanda,4,"Mahol bohat acha tha, music aur seating lajawab.",positive,ambiance
ZB-01121,2026-05-06,DHA,Foodpanda,4,"Birthday dinner here. Rider bohat polite tha, time pe aya order, manager personally checked on us, great service 👍",positive,delivery
ZB-01122,2026-05-06,Gulshan,Foodpanda,4,"Manager personally checked on us, great service!",positive,service
ZB-01123,2026-05-06,Saddar,Facebook,5,"Second time here. Great value for money, big portions, hygiene standards were great, staff wore gloves!",positive,price
ZB-01124,2026-05-06,Gulshan,Instagram,3,"Delivery okay, food arrived lukewarm.",neutral,delivery
ZB-01125,2026-05-07,Clifton,Instagram,5,Birthday dinner here Beautiful decor and comfortable seating!,positive,ambiance
ZB-01126,2026-05-07,Clifton,Foodpanda,3,Delivery was on time but packaging was basic.,neutral,delivery
ZB-01127,2026-05-07,Gulshan,Instagram,1,Rider late aya aur order adhoora tha.,negative,delivery
ZB-01128,2026-05-07,North Nazimabad,Facebook,5,Ordered on Friday night. Naan was soft and the gravy was rich!,positive,food
ZB-01129,2026-05-07,Saddar,Foodpanda,2,"Birthday diner here. Biryani mein masala bohat kam tha, bekar taste.",negative,food
ZB-01130,2026-05-07,Clifton,Foodpanda,5,Ordered on Friday night. Delivery was super fast and food arrived hot 👍,positive,delivery
ZB-01131,2026-05-07,DHA,Google,2,"Floor was sticky and the place smelled bad, they got our order wrong twice, no apology 😞",negative,cleanliness
ZB-01132,2026-05-07,North Nazimabad,Instagram,5,"Rider bohat polite tha, time pe aya order!",positive,delivery
ZB-01133,2026-05-08,Clifton,Facebook,4,"Visited for lunch. Rider bohat poite tha, time pe aya order!",positive,delivery
ZB-01134,2026-05-08,Gulshan,Foodpanda,1,Went with family. Khana bilkul baasi lag raha tha.,negative,food
ZB-01135,2026-05-08,DHA,Instagram,4,"Birthday dinner here. Worth every rupee, the family deal is excellent.",positive,price
ZB-01136,2026-05-08,Clifton,Instagram,4,"Went with family. Manager personally checked on us, great service!",positive,service
ZB-01137,2026-05-08,Saddar,Google,3,Place was fairly clean but washroom needs attention!,neutral,cleanliness
ZB-01138,2026-05-09,Clifton,Foodpanda,1,"Fresh and hot food, loved every bite, but delivery took over 90 minutes and food was cold.",negative,delivery
ZB-01139,2026-05-09,North Nazimabad,Facebook,5,"Manager personally cheked on us, great service!",positive,service
ZB-01140,2026-05-09,DHA,Instagram,4,"Second time here. Manager personally checked on us, great service.",positive,service
ZB-01141,2026-05-10,Clifton,Facebook,5,"Dost ke saath gaye thay. Order 25 minute mein pohanch gaya, great.",positive,delivery
ZB-01142,2026-05-10,Clifton,Google,4,Birthday dinner here. Staff was very polite and helpful.,positive,service
ZB-01143,2026-05-10,North Nazimabad,Google,3,Birthday dinner here. Rates thore zyada hain but acceptable.,neutral,price
ZB-01144,2026-05-10,DHA,Foodpanda,5,Birthday dinner here. Waiter ka behavior bohat acha tha!,positive,service
ZB-01145,2026-05-10,Saddar,Facebook,1,Visited for lunch. Karahi was too oily and salty.,negative,food
ZB-01146,2026-05-10,Gulshan,Instagram,5,Waiter ka behavior boht acha tha.,positive,service
ZB-01147,2026-05-10,Clifton,Facebook,1,"Second time here. Service bohat slow thi, 45 minute wait kiya.",negative,service
ZB-01148,2026-05-10,Gulshan,Google,3,"Delivery okay, food arrived lukewarm.",neutral,delivery
ZB-01149,2026-05-10,DHA,Google,5,"Birthday dinner here. Karahi bohat zabardast thi, taste lajawab!",positive,food
ZB-01150,2026-05-10,Clifton,Instagram,5,"Second time here. Mahol bohat acha tha, music aur seating lajawab 👍",positive,ambiance
ZB-01151,2026-05-10,DHA,Foodpanda,5,Waiter ka behavior bohat acha tha 👍,positive,service
ZB-01152,2026-05-11,Gulshan,Foodpanda,5,"Dost ke saath gaye thay. Worth every rupee, the family deal is excellent.",positive,price
ZB-01153,2026-05-11,Saddar,Google,2,"Second time here. Delivery was super fast and food arrived hot, but found hair in the food, very unhygienic.",negative,cleanliness
ZB-01154,2026-05-11,Clifton,Facebook,5,"Dost ke saath gaye thay. Hygiene standards were great, staff wore gloves 👍",positive,cleanliness
ZB-01155,2026-05-11,North Nazimabad,Facebook,5,"Manager personally checked on us, great service.",positive,service
ZB-01156,2026-05-11,Gulshan,Google,1,Second time here. Rider late aya aur order adhoora tha 😞,negative,delivery
ZB-01157,2026-05-11,North Nazimabad,Instagram,4,Dost ke saath gaye thay. Staff was very polite and helpful!,positive,service
ZB-01158,2026-05-11,North Nazimabad,Facebook,5,"Went with family. The biryani was amazing, perfectly spiced.",positive,food
ZB-01159,2026-05-12,DHA,Foodpanda,5,"Went with family. Safai ka bohat khayal rakha gaya, washrooms clean, delivery was super fast and food arrived hot.",positive,cleanliness
ZB-01160,2026-05-12,Clifton,Google,5,"Dost ke saath gaye thay. Great rooftop view, very relaxing vibe, hygiene standards were great, staff wore gloves 👍",positive,ambiance
ZB-01161,2026-05-12,Gulshan,Facebook,1,"Visited for lunch. Hidden charges added to the bill, very disappointing!",negative,price
ZB-01162,2026-05-12,Saddar,Facebook,1,Wrong item delivered and no one picked my call.,negative,delivery
ZB-01163,2026-05-12,Saddar,Instagram,4,"Second time here. Lovely ambiance, perfect for family dinner 👍",positive,ambiance
ZB-01164,2026-05-12,North Nazimabad,Foodpanda,2,Staff behaviour was unprofessional.,negative,service
ZB-01165,2026-05-12,Gulshan,Facebook,1,"Second time here. Order wapis cancel karna para, elivery bohat late thi, staff behaviour was unprofessional 😞",negative,delivery
ZB-01166,2026-05-13,Clifton,Facebook,4,Visited fo lunch. Packaging was neat and delivery on time.,positive,delivery
ZB-01167,2026-05-13,Gulshan,Facebook,5,"Ordered on Friday night. Great rooftop view, very relaxing vibe!",positive,ambiance
ZB-01168,2026-05-13,North Nazimabad,Facebook,5,"Fresh and hot food, loved every bite.",positive,food
ZB-01169,2026-05-13,DHA,Facebook,1,Ordered on Friday night. Way too expensive for the portion size.,negative,price
ZB-01170,2026-05-13,Gulshan,Google,4,"Fresh and hot food, loved every bite 👍",positive,food
ZB-01171,2026-05-13,Gulshan,Facebook,5,"Lovely ambiance, perfect for family dinner.",positive,ambiance
ZB-01172,2026-05-14,Gulshan,Instagram,4,"Karahi bohat zabardast thi, taste lajawab.",positive,food
ZB-01173,2026-05-14,DHA,Google,4,"Visited for lunch. Lovely ambiance, perfect for family dinner!",positive,ambiance
ZB-01174,2026-05-14,North Nazimabad,Instagram,1,The food was cold and tasteless 😞,negative,food
ZB-01175,2026-05-15,DHA,Facebook,1,Wrong item delivered and no one picked my call!,negative,delivery
ZB-01176,2026-05-15,Gulshan,Google,1,Dost ke saah gaye thay. Overpriced compared to other places in Karachi.,negative,price
ZB-01177,2026-05-15,DHA,Foodpanda,5,"Dost ke saath gaye thay. Fresh and hot food, loved every bite, prices bilkul reasonable hain, deal zabardast!",positive,food
ZB-01178,2026-05-15,Gulshan,Foodpanda,4,"Fresh and hot food, loved every bite 👍",positive,food
ZB-01179,2026-05-15,Gulshan,Facebook,5,"Khana bohat tasty tha, dil khush ho gaya.",positive,food
ZB-01180,2026-05-15,Clifton,Foodpanda,5,"Hygiene standards were great, stff wore gloves.",positive,cleanliness
ZB-01181,2026-05-15,Gulshan,Foodpanda,4,"Fresh and hot food, loved every bite.",positive,food
ZB-01182,2026-05-15,Clifton,Instagram,5,"The biryani was amazing, perfectly spiced 👍",positive,food
ZB-01183,2026-05-15,North Nazimabad,Facebook,3,"Taste theek tha, bas average, rates thore zyada hain but acceptable.",neutral,food
ZB-01184,2026-05-15,North Nazimabad,Instagram,3,"Staff theek tha, thora slow!",neutral,service
ZB-01185,2026-05-15,DHA,Google,2,Dost ke saath gaye thay. The food was cold and tasteless.,negative,food
ZB-01186,2026-05-16,Clifton,Google,1,Birthday dinner here. Khana bilkul baasi lag raha tha.,negative,food
ZB-01187,2026-05-16,DHA,Facebook,2,"Birthday dinner here. Service bohat slow thi, 45 minute wait kiya.",negative,service
ZB-01188,2026-05-16,Clifton,Foodpanda,4,Went with family. Beautiful decor and comfortable seating.,positive,ambiance
ZB-01189,2026-05-16,Gulshan,Instagram,1,"Prices bohat zyada hain, paisa wasool nahi!",negative,price
ZB-01190,2026-05-16,Saddar,Google,1,"Dost ke saath gaye thay. Biryani mein masala bohat kam tha, bekar taste!",negative,food
ZB-01191,2026-05-16,DHA,Instagram,5,"Great value for money, big portions.",positive,price
ZB-01192,2026-05-17,Saddar,Instagram,1,Second time here. Parking was a nightmare and place felt cramed 😞,negative,ambiance
ZB-01193,2026-05-17,Clifton,Facebook,5,"Went with family. Fresh and hot food, loved every bite.",positive,food
ZB-01194,2026-05-17,Clifton,Instagram,4,"Second time here. Manager personally checked on us, great service.",positive,service
ZB-01195,2026-05-17,Saddar,Instagram,1,"Birthday dinner here. Prices bohat zyada hain, paisa wasool nahi 😞",negative,price
ZB-01196,2026-05-17,Saddar,Facebook,2,"Went with family. Found hair in the foo, very unhygienic 😞",negative,cleanliness
ZB-01197,2026-05-17,DHA,Google,5,"Ordered on Friday night. Great rooftop view, very relaxing vibe, packaging was neat and delivery on time.",positive,ambiance
ZB-01198,2026-05-18,Saddar,Google,4,Went with family. Naan was soft and the gravy was rich.,positive,food
ZB-01199,2026-05-18,DHA,Google,5,"Second time here. Fresh and hot food, loved every bite.",positive,food
ZB-01200,2026-05-18,Gulshan,Facebook,1,"Ordered on Friday night. Great value for money, big portions, but delivery took over 90 minutes and food was cold!",negative,delivery
ZB-01201,2026-05-18,Clifton,Foodpanda,5,Dost ke saath gaye thay. Delivery was super fast and food arrived hot!,positive,delivery
ZB-01202,2026-05-18,North Nazimabad,Instagram,4,"Went with family. Staff was very polite and helpful, hygiene standards were great, staff wore gloves 👍",positive,service
ZB-01203,2026-05-18,DHA,Google,1,"Birthday dinner here. Biryani mein masala bohat kam tha, bekar taste.",negative,food
ZB-01204,2026-05-18,Saddar,Facebook,5,"Prices bilkul reasonable hain, deal zabardast.",positive,price
ZB-01205,2026-05-19,North Nazimabad,Foodpanda,1,"Birthday dinner here. Chicken was undercooked, very disappointing.",negative,food
ZB-01206,2026-05-19,Clifton,Foodpanda,2,"Second time here. Biryani mein masla bohat kam tha, bekar taste.",negative,food
ZB-01207,2026-05-19,Clifton,Foodpanda,2,"Went with family. Packaging was leaking, gravy everywhere.",negative,delivery
ZB-01208,2026-05-19,DHA,Foodpanda,4,"Second time here. Order 25 minute mein pohanch gaya, great, prices bilkul reasonable hain, deal zabardast!",positive,delivery
ZB-01209,2026-05-19,North Nazimabad,Foodpanda,1,Way too expensive for the portion size 😞,negative,price
ZB-01210,2026-05-19,Clifton,Google,4,"Khana bohat tasty tha, dil khush ho gaya.",positive,food
ZB-01211,2026-05-19,Saddar,Google,4,"Went with family. The biryani was amazing, perfectly spiced, hygiene standards were great, staff wore gloves.",positive,food
ZB-01212,2026-05-19,North Nazimabad,Google,1,"Went with family. Biryani mein masala bohat kam tha, bekar taste 😞",negative,food
ZB-01213,2026-05-19,Clifton,Foodpanda,3,"Delivery okay, food arrived lukewarm.",neutral,delivery
ZB-01214,2026-05-19,Clifton,Facebook,5,"Second time here. Khana bohat tasty tha, dil khush ho gaya!",positive,food
ZB-01215,2026-05-19,Clifton,Instagram,5,Dost ke saath gaye thay. Beautiful decor and comfortable seatig 👍,positive,ambiance
ZB-01216,2026-05-19,DHA,Instagram,4,"Great rooftop view, very relaxing vibe.",positive,ambiance
ZB-01217,2026-05-19,Gulshan,Instagram,1,"Dost ke saath gaye thay. Packaging was leaking, gravy everywhere!",negative,delivery
ZB-01218,2026-05-20,Saddar,Facebook,2,Visited for lunch. Wrong item delivered and no one picked my call!,negative,delivery
ZB-01219,2026-05-20,Clifton,Foodpanda,1,Ordered on Friday night. Delivery took over 90 minutes and food was cold.,negative,delivery
ZB-01220,2026-05-20,Gulshan,Google,2,"The biryani was amazing, perfectly spiced, but delivery took over 90 minutes and food was cold!",negative,delivery
ZB-01221,2026-05-20,DHA,Foodpanda,4,"Birthday dinner here. Manager personally checked on us, great service.",positive,service
ZB-01222,2026-05-20,DHA,Facebook,5,"Birthday dinner here. Fresh and hot food, loved every bite.",positive,food
ZB-01223,2026-05-20,Gulshan,Instagram,4,"Second time here. Waiter ka behavior bohat acha tha, the biryani was amazing, perfectly spiced 👍",positive,service
ZB-01224,2026-05-20,DHA,Google,5,"Rider bohat polite tha, time pe aya order.",positive,delivery
ZB-01225,2026-05-20,North Nazimabad,Instagram,4,Packaging was neat and delivery on time!,positive,delivery
ZB-01226,2026-05-21,DHA,Facebook,5,"Dost ke saath gaye thay. Khana bohat tasty tha, dil khush ho gaya.",positive,food
ZB-01227,2026-05-21,Saddar,Foodpanda,2,"Chicken was undercooked, very disappointin 😞",negative,food
ZB-01228,2026-05-21,Clifton,Facebook,2,Second time here. Delivery took over 90 minutes and food was cold.,negative,delivery
ZB-01229,2026-05-21,Gulshan,Foodpanda,4,"Ordered on Friday night. Khana bohat tasty tha, dil khush ho gaya, prices bilkul reasonable hin, deal zabardast.",positive,food
ZB-01230,2026-05-21,Clifton,Facebook,5,"Birthday dinner here. Mahol bohat acha tha, music aur seating lajawab.",positive,ambiance
ZB-01231,2026-05-21,North Nazimabad,Foodpanda,5,"Second time here. Great value for money, big portions 👍",positive,price
ZB-01232,2026-05-21,DHA,Foodpanda,5,"Visited for lunch. Prices bilkul reasonable hain, deal zabardast.",positive,price
ZB-01233,2026-05-22,DHA,Facebook,5,"Second time here. Order 25 minute mein pohanch gaya, great!",positive,delivery
ZB-01234,2026-05-22,North Nazimabad,Instagram,3,"Visited for lunch. Sfai theek thi, kuch khaas nahi, prices are average for this area.",neutral,cleanliness
ZB-01235,2026-05-22,Saddar,Facebook,5,"Went with family. Great value for money, big portions, khana bohat tasty tha, dil khush ho gaya.",positive,price
ZB-01236,2026-05-22,Clifton,Foodpanda,1,"They got our order wrong twice, no apology!",negative,service
ZB-01237,2026-05-22,Clifton,Foodpanda,3,Went with family. Prices are average for this area.,neutral,price
ZB-01238,2026-05-22,Clifton,Instagram,5,"Quick service, they remembered our order perfectly.",positive,service
ZB-01239,2026-05-22,North Nazimabad,Google,5,Ordered on Friday night. Naan was sof and the gravy was rich!,positive,food
ZB-01240,2026-05-22,Gulshan,Instagram,3,"Taste theek tha, bas average, ambiance was okay, simple setup.",neutral,food
ZB-01241,2026-05-22,North Nazimabad,Foodpanda,3,"Service was average, not bad not great, portion was decent but flavour was ordinary!",neutral,service
ZB-01242,2026-05-22,Gulshan,Foodpanda,3,"Ordered on Friday night. Jagah theek thi, normal environment.",neutral,ambiance
ZB-01243,2026-05-22,Gulshan,Facebook,5,"Dost ke saath gaye thay. Karahi bohat zabardast thi, taste lajawab.",positive,food
ZB-01244,2026-05-23,North Nazimabad,Google,4,"Visited for lunch. Order 25 minute mein pohanch gaya, great.",positive,delivery
ZB-01245,2026-05-23,Gulshan,Foodpanda,5,"Fresh and hot food, loved every bite 👍",positive,food
ZB-01246,2026-05-23,Gulshan,Instagram,5,"Second time here. Safai ka bohat khayal rakha gaya, washrooms clean.",positive,cleanliness
ZB-01247,2026-05-23,DHA,Foodpanda,1,Overpriced compared to other places in Karachi!,negative,price
ZB-01248,2026-05-23,Gulshan,Foodpanda,5,"Order 25 minute mein pohanch gaya, great!",positive,delivery
ZB-01249,2026-05-23,North Nazimabad,Google,1,"Waiter ka behavior bohat acha tha, but delivery took over 90 minutes and food was cold 😞",negative,delivery
ZB-01250,2026-05-23,Saddar,Instagram,5,Went with family. Staff was very polite and helpful!,positive,service
ZB-01251,2026-05-23,Saddar,Facebook,3,Birthday dinner here. Waiters were fine but a bit busy.,neutral,service
ZB-01252,2026-05-23,Clifton,Facebook,3,"Went with family. Jagah theek thi, normal environment!",neutral,ambiance
ZB-01253,2026-05-24,Saddar,Facebook,5,"Dost ke saath gaye thay. Lovely ambiance, perfect for family dinner.",positive,ambiance
ZB-01254,2026-05-24,Clifton,Google,5,"Second time here. Rider bohat polite tha, time pe aya order.",positive,delivery
ZB-01255,2026-05-24,Saddar,Google,2,Second time here. Tables were dirty and washroom was awful.,negative,cleanliness
ZB-01256,2026-05-24,North Nazimabad,Google,5,Went with family. Naan was soft and the gravy was rich!,positive,food
ZB-01257,2026-05-24,Clifton,Instagram,4,"Ordered on Friday night. Staf was very polite and helpful, order 25 minute mein pohanch gaya, great!",positive,service
ZB-01258,2026-05-24,Clifton,Instagram,4,"Went with family. Prices bilkul reasonable hain, deal zabardast 👍",positive,price
ZB-01259,2026-05-24,DHA,Foodpanda,3,"Dost ke saath gaye thay. Rider theek tha, order thora late aya.",neutral,delivery
ZB-01260,2026-05-24,Clifton,Foodpanda,4,"Went with family. Lovely ambiance, perfect for family dinner.",positive,ambiance
ZB-01261,2026-05-24,Saddar,Instagram,5,"Birthday dinner here. Khana bohat tasty tha, dil khush ho gaya!",positive,food
ZB-01262,2026-05-24,Gulshan,Instagram,3,"Birthday dinner here. Rider theek tha, order thora late aya!",neutral,delivery
ZB-01263,2026-05-24,Saddar,Foodpanda,5,"The biryani was amazing, perfectly spiced, delivery was sper fast and food arrived hot.",positive,food
ZB-01264,2026-05-25,DHA,Google,1,"Staff behaviour was unprofessional, seating was uncomfortable and lighting too harsh!",negative,service
ZB-01265,2026-05-25,Clifton,Facebook,3,"Food was okay, nothing special!",neutral,food
ZB-01266,2026-05-25,Clifton,Instagram,5,Second time here. Naan was soft and the gravy was rich.,positive,food
ZB-01267,2026-05-25,DHA,Instagram,2,Way too expensive for the portion size.,negative,price
ZB-01268,2026-05-25,Gulshan,Instagram,3,Second time here. Delivery was on time but packaging was basic.,neutral,delivery
ZB-01269,2026-05-25,North Nazimabad,Facebook,3,Visited for lunch. Portion was decent but flavour was ordinary.,neutral,food
ZB-01270,2026-05-25,Saddar,Google,4,"Ordered on Friday night. Staff was very polite and helpful, rider bohat polite tha, time pe aya order 👍",positive,service
ZB-01271,2026-05-25,Saddar,Google,1,Ordered on Friday night. Khana bilkul baasi lag raha tha 😞,negative,food
ZB-01272,2026-05-25,DHA,Facebook,5,"Visited for lunch. Quick service,they remembered our order perfectly 👍",positive,service
ZB-01273,2026-05-26,North Nazimabad,Foodpanda,5,"Dost ke saath gaye thay. Naan was soft and the gravy was rich, great rooftop view, very relaxing vibe.",positive,food
ZB-01274,2026-05-26,DHA,Foodpanda,5,"Second time here. Order 25 minute mein pohanch gaya, great.",positive,delivery
ZB-01275,2026-05-26,Clifton,Foodpanda,3,"Taste theek tha, bas average!",neutral,food
ZB-01276,2026-05-26,Gulshan,Facebook,5,"Second time here. The biryani was amazing, perfectly spiced 👍",positive,food
ZB-01277,2026-05-27,DHA,Google,5,"Order 25 minute mein pohanch gaya, great.",positive,delivery
ZB-01278,2026-05-27,Clifton,Instagram,3,"Dost ke saath gye thay. Food was okay, nothing special.",neutral,food
ZB-01279,2026-05-27,DHA,Instagram,5,"Hygiene standards were great, staff wore gloves!",positive,cleanliness
ZB-01280,2026-05-27,DHA,Foodpanda,3,"Birthday dinner here. Taste theek tha, bas average.",neutral,food
ZB-01281,2026-05-27,North Nazimabad,Instagram,5,Packaging was neat and delivery on time!,positive,delivery
ZB-01282,2026-05-27,North Nazimabad,Instagram,5,"Staff was very polite and helpful, great value for money, big portions 👍",positive,service
ZB-01283,2026-05-27,DHA,Instagram,3,"Visited for lunch. Cleanliness was acceptable, could be better, prces are average for this area.",neutral,cleanliness
ZB-01284,2026-05-27,Gulshan,Google,5,"Went with family. Waiter ka behavior bohat acha tha, mahol bohat acha tha, music aur seating lajawab.",positive,service
ZB-01285,2026-05-28,Saddar,Foodpanda,5,"Dost ke saath gaye thay. Great value for money, big portions.",positive,price
ZB-01286,2026-05-28,North Nazimabad,Instagram,3,"Ordered on Friday night. Service was average, not bad not great, cleanliness was acceptable, could be better.",neutral,service
ZB-01287,2026-05-28,Gulshan,Facebook,5,"Dost ke saath gaye thay. The biryani was amazing, perfectly piced.",positive,food
ZB-01288,2026-05-28,DHA,Foodpanda,3,"Ordered on Friday night. Fair pricing, nothing amazing, service was average, not bad not great.",neutral,price
ZB-01289,2026-05-28,Saddar,Instagram,3,Prices are average for this area.,neutral,price
ZB-01290,2026-05-28,North Nazimabad,Facebook,5,"Second time here. Great rooftop view, very relaxing vibe.",positive,ambiance
ZB-01291,2026-05-28,Gulshan,Google,1,Khana bilkul baai lag raha tha 😞,negative,food
ZB-01292,2026-05-28,Gulshan,Instagram,3,"Cleanliness was acceptable, could be better.",neutral,cleanliness
ZB-01293,2026-05-28,Gulshan,Facebook,1,Went with family. Delivery took over 90 minutes and food was cold!,negative,delivery
ZB-01294,2026-05-28,Gulshan,Foodpanda,4,"Went with family. The biryani was amazing, perfectly spiced 👍",positive,food
ZB-01295,2026-05-28,North Nazimabad,Google,4,"Birthday dinner here. Manager personally checked on us, great service, prices bilkul reasonable hain, deal zabardast.",positive,service
ZB-01296,2026-05-28,Gulshan,Instagram,2,"Ordered on Friday night. Orderwapis cancel karna para, delivery bohat late thi.",negative,delivery
ZB-01297,2026-05-28,North Nazimabad,Facebook,3,"Service was average, not bad not great.",neutral,service
ZB-01298,2026-05-28,Clifton,Foodpanda,4,"Khana bohat tasty tha, dil khush ho gaya!",positive,food
ZB-01299,2026-05-29,DHA,Google,5,"Dost ke saath gaye thay. Naan was soft and the gravy was rich, great rooftop view, very relaxing vibe!",positive,food
ZB-01300,2026-05-29,North Nazimabad,Foodpanda,5,"Safai ka bohat khayal rakha gaya, washrooms clean.",positive,cleanliness
ZB-01301,2026-05-29,DHA,Foodpanda,4,"Naan was soft and the gravy was rich, staff was very polite and helpful.",positive,food
ZB-01302,2026-05-29,Gulshan,Instagram,3,Dost ke saath gaye thay. Portion was decent but flavour was ordinary.,neutral,food
ZB-01303,2026-05-29,DHA,Instagram,2,Birthday dinner here. Way too expensive for the portion size 😞,negative,price
ZB-01304,2026-05-30,DHA,Google,4,Second time here. Staff was very polite and helpful!,positive,service
ZB-01305,2026-05-30,North Nazimabad,Foodpanda,1,"Dost ke saath gaye thay. Lovely ambiance, perfect for family dinner, but waiter was rude and ignored us, chicken was undercooked, very disappointing 😞",negative,service
ZB-01306,2026-05-30,Saddar,Instagram,4,"Ordered on Friday night. Quick service, they remembered our order perfectly, great value for money, big portions.",positive,service
ZB-01307,2026-05-30,North Nazimabad,Instagram,2,"Second time here. Staff behaviour was unprofessional, delivery took over 90 minutes and food was cold.",negative,service
ZB-01308,2026-05-30,Saddar,Google,2,"Dost ke saath gaye thay. Waiter was rude and ignored us, karahi was too oily and salty 😞",negative,service
ZB-01309,2026-05-30,North Nazimabad,Google,1,"Prices bilkul reasonable hain, deal zabardast, but the food was cold and tasteless 😞",negative,food
ZB-01310,2026-05-30,North Nazimabad,Google,5,"Went with family. Fresh and hot food, loved every bite.",positive,food
ZB-01311,2026-05-31,North Nazimabad,Google,5,Went with family. Beautiful decor and comfortable seating!,positive,ambiance
ZB-01312,2026-05-31,Gulshan,Google,5,"Khana bohat tasty tha, dil khush ho gaya!",positive,food
ZB-01313,2026-05-31,Gulshan,Instagram,4,Waiter ka behavior bohat acha tha 👍,positive,service
ZB-01314,2026-05-31,DHA,Foodpanda,5,"Ordered on Friday niht. Great value for money, big portions, manager personally checked on us, great service!",positive,price
ZB-01315,2026-05-31,Clifton,Google,5,"Ordered on Friday night. Waiter ka behavior bohat acha tha, naan was soft and the gravy was rich.",positive,service
ZB-01316,2026-05-31,Gulshan,Instagram,2,"Packaging was leaking, gravy everywhere.",negative,delivery
ZB-01317,2026-06-01,North Nazimabad,Google,5,"Dost ke saath gaye thay. Mahol bohat acha tha, music aur seating lajawab.",positive,ambiance
ZB-01318,2026-06-01,Clifton,Foodpanda,5,"Ordered on Friday night. Great rooftop view, very relaxing vibe.",positive,ambiance
ZB-01319,2026-06-01,Saddar,Instagram,2,Tables were dirty and washroom was awful!,negative,cleanliness
ZB-01320,2026-06-01,Saddar,Foodpanda,5,"Manager personally checked on us, great service.",positive,service
ZB-01321,2026-06-01,Clifton,Instagram,3,"Ordered on Friday night. Staff theek tha, thora slow!",neutral,service
ZB-01322,2026-06-01,DHA,Instagram,4,Staff was very polite and helpful.,positive,service
ZB-01323,2026-06-01,Gulshan,Instagram,4,"Birthday dinner here. Great rooftop view, very relaxing vibe.",positive,ambiance
ZB-01324,2026-06-02,Saddar,Facebook,3,"Portion was decent but flavour was ordinary, waiters were fine but a bit busy.",neutral,food
ZB-01325,2026-06-02,DHA,Google,5,"Fresh and hot food, loved every bite 👍",positive,food
ZB-01326,2026-06-02,DHA,Foodpanda,5,"Birthday dinner here. Rider bohat polite tha, time pe aya order.",positive,delivery
ZB-01327,2026-06-02,Saddar,Foodpanda,5,"Ordered on Friday night. Khana bohat tasty tha, dilkhush ho gaya 👍",positive,food
ZB-01328,2026-06-02,Gulshan,Instagram,5,"Mahol bohat acha tha, music aur seating lajawab 👍",positive,ambiance
ZB-01329,2026-06-02,Clifton,Instagram,3,"Food was okay, nothing special.",neutral,food
ZB-01330,2026-06-02,Saddar,Google,5,"Worth every rupee, the family deal is excellent!",positive,price
ZB-01331,2026-06-02,DHA,Facebook,5,"Khana bohat tasty tha, dil khush ho gaya.",positive,food
ZB-01332,2026-06-02,DHA,Facebook,5,"Went with family. Order 25 minute mein pohanch gaya, great.",positive,delivery
ZB-01333,2026-06-02,Clifton,Foodpanda,2,"Ordered on Friday night. Packaging was leaking, gravy everywhere!",negative,delivery
ZB-01334,2026-06-02,North Nazimabad,Foodpanda,5,"Dost ke saath gaye thay. Hygiene standards were great, staff wore gloves 👍",positive,cleanliness
ZB-01335,2026-06-02,North Nazimabad,Instagram,4,"Quick service, they remembered our order perfectly.",positive,service
ZB-01336,2026-06-03,North Nazimabad,Facebook,5,"Went with family. Safai ka bohat khayal rakha gaya, washrooms clean, worth every rupee, the family deal is excellent.",positive,cleanliness
ZB-01337,2026-06-03,DHA,Foodpanda,4,"Fresh and hot food, loved every bite, worth every rupee, the family deal is excellent 👍",positive,food
ZB-01338,2026-06-03,DHA,Facebook,2,Second time here. Floor was sticky and the place smelled bad 😞,negative,cleanliness
ZB-01339,2026-06-03,DHA,Foodpanda,1,Ordered on Friday night. Parking was a nightmare and place felt cramped 😞,negative,ambiance
ZB-01340,2026-06-03,Clifton,Foodpanda,4,Second time here. Waiter ka behavior bohat acha tha.,positive,service
ZB-01341,2026-06-03,DHA,Google,5,"Mahol bohat acha tha, music aur seating lajawab!",positive,ambiance
ZB-01342,2026-06-03,North Nazimabad,Foodpanda,4,"Manager personally checked on us, great service!",positive,service
ZB-01343,2026-06-03,Gulshan,Instagram,5,Delivery was super fast and food arrived hot.,positive,delivery
ZB-01344,2026-06-03,Saddar,Instagram,5,"The biryani was amazing, perfectly spiced 👍",positive,food
ZB-01345,2026-06-03,Saddar,Instagram,1,"Safai bohat kharab thi, makhiyan thin 😞",negative,cleanliness
ZB-01346,2026-06-03,North Nazimabad,Google,5,Ordered on Friday night. Staff was very polite and helpful!,positive,service
ZB-01347,2026-06-03,North Nazimabad,Facebook,5,Staff was very polite and helpful!,positive,service
ZB-01348,2026-06-03,Clifton,Foodpanda,4,Staff was very polite and helpful.,positive,service
ZB-01349,2026-06-03,Gulshan,Google,4,"Dost ke saath gaye thay. Prices bilkul reasonable hain, deal zabardast.",positive,price
ZB-01350,2026-06-03,Saddar,Facebook,3,"Second time here. Fair pricing, nothing amazing!",neutral,price
ZB-01351,2026-06-03,North Nazimabad,Facebook,5,Waiter ka behavior bohat acha tha!,positive,service
ZB-01352,2026-06-03,Saddar,Instagram,3,"Second time here. Food was okay, nothing special!",neutral,food
ZB-01353,2026-06-04,Clifton,Foodpanda,3,"Dost ke saath gaye thay. Fair pricing, nothing amazing.",neutral,price
ZB-01354,2026-06-04,Clifton,Google,4,"Great rooftop view, very relaxing vibe, manager personally checked on us, great service!",positive,ambiance
ZB-01355,2026-06-04,Saddar,Google,3,"Second time here. Service was average, not bad not great.",neutral,service
ZB-01356,2026-06-04,DHA,Google,2,Dost ke saath gaye thay. Waiter was rude and ignored us.,negative,service
ZB-01357,2026-06-04,Gulshan,Foodpanda,2,"Birthday dinner here. Chicken was undercooked, very disappointing!",negative,food
ZB-01358,2026-06-04,Gulshan,Google,1,Delivery took over 90 minutes and food was cold!,negative,delivery
ZB-01359,2026-06-04,DHA,Facebook,4,"Khana bohat tasty tha, dil khush ho gaya.",positive,food
ZB-01360,2026-06-04,Clifton,Facebook,1,"Second time here. AC kharab tha, bohat garmi thi.",negative,ambiance
ZB-01361,2026-06-04,Saddar,Instagram,1,"Visited for lunch. Safai bohat kharab thi, makhiyan thin.",negative,cleanliness
ZB-01362,2026-06-05,Saddar,Instagram,1,"Birthday dinner here. They got our order wrong twice, no apology.",negative,service
ZB-01363,2026-06-05,DHA,Instagram,4,Dost ke saath gaye thay. Naan was soft and the gravy was rich 👍,positive,food
ZB-01364,2026-06-05,North Nazimabad,Google,5,"The biryani was amazing, perfecly spiced!",positive,food
ZB-01365,2026-06-05,Gulshan,Instagram,1,"Ordered on Friday night. They got our order wrong twice, no apology 😞",negative,service
ZB-01366,2026-06-05,Saddar,Google,2,Tables were dirty and washroom was awful!,negative,cleanliness
ZB-01367,2026-06-05,Clifton,Foodpanda,4,Second time here. Staff was very polite and helpful!,positive,service
ZB-01368,2026-06-05,North Nazimabad,Foodpanda,5,"Order 25 minute mein pohanh gaya, great.",positive,delivery
ZB-01369,2026-06-05,Clifton,Instagram,3,"Dost ke saath gaye thay. Staff theek tha, thra slow!",neutral,service
ZB-01370,2026-06-05,North Nazimabad,Google,4,"Birthday dinner here. Manager personally checked on us, great service, naan was soft and the gravy was rich.",positive,service
ZB-01371,2026-06-06,Saddar,Instagram,5,"Dost ke saath gaye thay. Rider bohat polite tha, time pe aya order.",positive,delivery
ZB-01372,2026-06-06,DHA,Facebook,5,"Visited for lunch. Order 25 minute mein pohanch gaya, great 👍",positive,delivery
ZB-01373,2026-06-06,Saddar,Instagram,2,"Great value for money, big portions, but seating was uncomfortable and lighting too harsh 😞",negative,ambiance
ZB-01374,2026-06-06,Gulshan,Foodpanda,2,Wrong item delivered and no one picked my call 😞,negative,delivery
ZB-01375,2026-06-06,Gulshan,Instagram,5,"Khana bohat tasty tha, dil khush ho gaya.",positive,food
ZB-01376,2026-06-07,Gulshan,Instagram,3,"Ordered on Friday night. Service was average, not bad not great.",neutral,service
ZB-01377,2026-06-07,Saddar,Foodpanda,3,Went with family. Waiters were fine but a bit busy.,neutral,service
ZB-01378,2026-06-07,Saddar,Foodpanda,4,"Visited for lunch. Rider bohat polite tha, time pe aya order, worth every rupee, the family deal is excellent.",positive,delivery
ZB-01379,2026-06-07,DHA,Facebook,1,"Dost ke saath gaye thay. hey got our order wrong twice, no apology.",negative,service
ZB-01380,2026-06-07,Clifton,Google,4,"Ordered on Friday night. Order 25 minute mein pohanch gaya, great.",positive,delivery
ZB-01381,2026-06-07,Clifton,Foodpanda,3,Portion was decent but flavour was ordinary!,neutral,food
ZB-01382,2026-06-07,Clifton,Google,5,"Second time here. Khana bohat tasty tha, dil khush ho gaya 👍",positive,food
ZB-01383,2026-06-07,DHA,Google,4,"Visited for lunch. Manager personally checked on us, great service 👍",positive,service
ZB-01384,2026-06-08,Clifton,Facebook,3,"Dost ke saath gaye thay. Rider theek tha, order thora late aya!",neutral,delivery
ZB-01385,2026-06-08,Gulshan,Google,5,"The biryani was amazing, perfectly spiced 👍",positive,food
ZB-01386,2026-06-08,North Nazimabad,Instagram,4,Ordered on Friday night. Packaging was neat and delivery on time!,positive,delivery
ZB-01387,2026-06-08,Saddar,Instagram,3,"Went with family. Food was okay, nothing special.",neutral,food
ZB-01388,2026-06-08,North Nazimabad,Instagram,5,Waiter ka behavior bohat acha tha.,positive,service
ZB-01389,2026-06-08,Gulshan,Instagram,5,"Safai ka bohat khayal rakha gaya, washrooms clean, delivery was super fast and food arrived hot.",positive,cleanliness
ZB-01390,2026-06-08,Saddar,Instagram,3,"Second time here. Staff theek tha, thora slow.",neutral,service
ZB-01391,2026-06-08,DHA,Google,1,Khana bilkul baasi lag raha tha!,negative,food
ZB-01392,2026-06-08,Gulshan,Foodpanda,5,"Visited for lunch. Lovely ambiance, perfect for family dinner 👍",positive,ambiance
ZB-01393,2026-06-08,North Nazimabad,Google,1,"Ordered on Friday night. AC kharab tha, bohat garmi thi!",negative,ambiance
ZB-01394,2026-06-08,Gulshan,Foodpanda,5,"Visited for lunch. Worth every rupee, the family deal is excellent.",positive,price
ZB-01395,2026-06-08,DHA,Google,5,"Birthday dinner here. Delivery was super fast and food arrived hot, karahi bohat zabardast ti, taste lajawab 👍",positive,delivery
ZB-01396,2026-06-08,North Nazimabad,Google,2,"Went with family. Too noisy and crowded, couldn't eventalk.",negative,ambiance
ZB-01397,2026-06-09,Gulshan,Instagram,5,"Birthday dinner here. Karahi bohat zabardast thi, taste lajawab!",positive,food
ZB-01398,2026-06-09,North Nazimabad,Instagram,3,"Ambiance was okay, simple setup!",neutral,ambiance
ZB-01399,2026-06-09,DHA,Foodpanda,4,"Went with family. Khana bohat tasty tha, dil khush ho gaya!",positive,food
ZB-01400,2026-06-09,North Nazimabad,Foodpanda,1,"Went with family. Delivery took over 90 minutes and food was cold, tables were dirty and washroom was awful.",negative,delivery
ZB-01401,2026-06-09,Gulshan,Google,5,"Order 25 minute mein pohanch gaya, great 👍",positive,delivery
ZB-01402,2026-06-09,Clifton,Google,1,Ordered on Friday night. Khana bilkul baasi lag raha tha 😞,negative,food
ZB-01403,2026-06-10,Saddar,Foodpanda,4,"Safai ka bohat khayal rakha gaya, washrooms clean.",positive,cleanliness
ZB-01404,2026-06-10,North Nazimabad,Facebook,5,"Ordered on Friday night. Fresh and hot food, loved every bite 👍",positive,food
ZB-01405,2026-06-10,DHA,Foodpanda,2,"AC kharab tha, bohat garmi thi.",negative,ambiance
ZB-01406,2026-06-10,Gulshan,Instagram,2,Khana bilkul baasi lag raha tha 😞,negative,food
ZB-01407,2026-06-10,Clifton,Google,1,Birthday dinner here. Khana bilkul baasi lag raha tha!,negative,food
ZB-01408,2026-06-10,DHA,Google,1,Tables were dirty and washroom was awful.,negative,cleanliness
ZB-01409,2026-06-10,Gulshan,Google,3,Decent place but nothing memorable.,neutral,ambiance
ZB-01410,2026-06-10,Gulshan,Facebook,4,"Worth every rupee, the family deal is excellent.",positive,price
ZB-01411,2026-06-10,North Nazimabad,Instagram,2,"Second tim here. Biryani mein masala bohat kam tha, bekar taste 😞",negative,food
ZB-01412,2026-06-10,Gulshan,Instagram,3,"Ordered on Friday night. Staff theek tha, thora slow.",neutral,service
ZB-01413,2026-06-10,DHA,Foodpanda,4,"Fresh and hot food, loved every bite, prices bilkul reasonable hain, deal zabardat 👍",positive,food
ZB-01414,2026-06-10,Saddar,Facebook,4,Naan was soft and the gravy was rich.,positive,food
ZB-01415,2026-06-11,Gulshan,Google,5,Beautiful decor and comfortable seating.,positive,ambiance
ZB-01416,2026-06-11,Clifton,Facebook,3,"Ambiance was okay, simple setup!",neutral,ambiance
ZB-01417,2026-06-11,North Nazimabad,Instagram,5,Dost ke saath gaye thay. Staff was very polite and helpful!,positive,service
ZB-01418,2026-06-11,Saddar,Foodpanda,5,"Went with family. Beautiful decor and comfortable seating, waiter ka behavior bohat acha tha.",positive,ambiance
ZB-01419,2026-06-11,DHA,Facebook,4,Dost ke saath gaye thay. Staff was very polite and helpful 👍,positive,service
ZB-01420,2026-06-11,North Nazimabad,Facebook,3,"Place was fairly clean but washroom neds attention, decent place but nothing memorable.",neutral,cleanliness
ZB-01421,2026-06-11,Saddar,Google,3,"Rider theek tha, order thora late aya, food was okay, nothing special.",neutral,delivery
ZB-01422,2026-06-11,DHA,Facebook,3,"Ordered on Friday night. Jagah theek thi, nrmal environment.",neutral,ambiance
ZB-01423,2026-06-11,DHA,Foodpanda,5,"Prices bilkul reasonable hain, deal zabardast.",positive,price
ZB-01424,2026-06-11,Gulshan,Google,4,"Visited for lunch. Safai ka bohat khayal rakha gaya, washrooms clean!",positive,cleanliness
ZB-01425,2026-06-11,DHA,Instagram,5,Visited for lunch. Staff was very polite and helpful.,positive,service
ZB-01426,2026-06-11,Clifton,Facebook,5,"Dost ke saath gaye thay. Lovely ambiance, perfect for family dinner 👍",positive,ambiance
ZB-01427,2026-06-11,DHA,Facebook,3,Second time here. Decent place butnothing memorable.,neutral,ambiance
ZB-01428,2026-06-12,Clifton,Facebook,5,"Went with family. Prices bilkul reasonable hain, deal zabardast.",positive,price
ZB-01429,2026-06-12,Clifton,Foodpanda,5,"Birthday dinner here. Karahi bohat zabardast thi, taste lajawab.",positive,food
ZB-01430,2026-06-12,Gulshan,Google,4,"Dost ke saath gaye thay. Order 25 minute mein pohanch gaya, great.",positive,delivery
ZB-01431,2026-06-12,Gulshan,Instagram,1,"Waiter was rude and ignored us, biryani mein masala bohat kam tha, bekar taste.",negative,service
ZB-01432,2026-06-12,Saddar,Foodpanda,2,"Birthday dinner here. Service bohat slow thi, 45 minute wait kiya!",negative,service
ZB-01433,2026-06-12,North Nazimabad,Google,3,"Food was okay, nothing special, staff theek tha, thora slow!",neutral,food
ZB-01434,2026-06-12,Clifton,Instagram,5,"Mahol bohat acha tha, music aur seatin lajawab.",positive,ambiance
ZB-01435,2026-06-12,North Nazimabad,Instagram,4,"Birthday dinner here. Khana bohat tasty tha, dil khush ho gaya!",positive,food
ZB-01436,2026-06-12,Gulshan,Instagram,5,"Great rooftop view, very relaxing vibe 👍",positive,ambiance
ZB-01437,2026-06-13,Clifton,Facebook,5,Birthday dinner here. Delivery was super fast and food arrived hot 👍,positive,delivery
ZB-01438,2026-06-13,Clifton,Google,3,Ordered on Friday night. Rates thore zyada hain but acceptable.,neutral,price
ZB-01439,2026-06-13,Clifton,Facebook,4,"Great rooftop view, very relaxing vibe.",positive,ambiance
ZB-01440,2026-06-13,Saddar,Foodpanda,4,Dost ke saath gaye thay. Delivery was super fast and food arrived hot!,positive,delivery
ZB-01441,2026-06-14,Gulshan,Instagram,5,"Prices bilkul reasonable hain, deal zabardast.",positive,price
ZB-01442,2026-06-14,North Nazimabad,Facebook,3,"Safai theek thi, kuch khaas nahi.",neutral,cleanliness
ZB-01443,2026-06-14,North Nazimabad,Google,3,"Fair pricing, nothing amazing.",neutral,price
ZB-01444,2026-06-14,Clifton,Instagram,1,"Second time here. Biryani mein masala bohat kam tha, bekar taste.",negative,food
ZB-01445,2026-06-14,Gulshan,Foodpanda,3,Second time here. Waiters were fine but a bit busy.,neutral,service
ZB-01446,2026-06-14,North Nazimabad,Instagram,1,"Birthday dinner here. Too noisy and crowded, couldn't even talk.",negative,ambiance
ZB-01447,2026-06-15,North Nazimabad,Facebook,1,Floor was sticky and the place smelled bad!,negative,cleanliness
ZB-01448,2026-06-15,Clifton,Foodpanda,5,"Dost ke saath gaye thay. Mahol bohat acha tha, music aur seating lajawab.",positive,ambiance
ZB-01449,2026-06-15,Clifton,Google,5,"Visited for lunch. The biryani wa amazing, perfectly spiced.",positive,food
ZB-01450,2026-06-15,Clifton,Foodpanda,5,"Birthday dinner here. Lovely ambiance, perfect for family dinner.",positive,ambiance
ZB-01451,2026-06-15,DHA,Instagram,4,Beautiful decor and comfortable seating 👍,positive,ambiance
ZB-01452,2026-06-15,Saddar,Instagram,3,"Dost ke saath gaye thay. Jagah theek thi, normal environment.",neutral,ambiance
ZB-01453,2026-06-15,Clifton,Instagram,4,"Dost ke saath gaye thay. Great rooftop view, very relaxing vibe.",positive,ambiance
ZB-01454,2026-06-15,Clifton,Instagram,5,"Fresh and hot food, loved every bite.",positive,food
ZB-01455,2026-06-15,DHA,Instagram,4,"Ordered on Friday night. Staff was very polite and helpful, prices bilkul reasonable hain, deal zabardast.",positive,service
ZB-01456,2026-06-15,North Nazimabad,Foodpanda,3,"Visited for lunch. Delivery okay, food arrived lukewarm, safai theek thi, kuch khaas nahi.",neutral,delivery
ZB-01457,2026-06-16,Gulshan,Google,2,"Service bohat slow thi, 45 minute wait kiya!",negative,service
ZB-01458,2026-06-16,Saddar,Facebook,1,Parking was a nightmare and place felt cramped.,negative,ambiance
ZB-01459,2026-06-16,North Nazimabad,Google,5,"Went with family. Great rooftop view, very relaxing vibe, worth every rupee, the family deal is excellent.",positive,ambiance
ZB-01460,2026-06-16,Saddar,Google,4,Ordered on Friday night. Waiter ka behavior bohat acha tha!,positive,service
ZB-01461,2026-06-16,DHA,Facebook,5,"Khana bohat tasty tha, dil khush ho gaya, safai ka bohat khayal rakha gaya, washrooms clan 👍",positive,food
ZB-01462,2026-06-16,DHA,Foodpanda,5,Naan was soft and the gravy was rich.,positive,food
ZB-01463,2026-06-16,North Nazimabad,Facebook,4,Beautiful decor and comfortable seating.,positive,ambiance
ZB-01464,2026-06-16,Saddar,Instagram,3,"Cleanliness was acceptable, could be better.",neutral,cleanliness
ZB-01465,2026-06-16,Clifton,Google,5,"Dost ke saath gaye thay. Khana bohat tasty ha, dil khush ho gaya.",positive,food
ZB-01466,2026-06-16,North Nazimabad,Facebook,1,"Birthday dinner here. Prices bohat zyada hain, paisa wasool nahi.",negative,price
ZB-01467,2026-06-16,Clifton,Foodpanda,5,"Ordered on Friday night. Manager personally checked on us, great service.",positive,service
ZB-01468,2026-06-17,Clifton,Google,3,Ordered on Friday night. Delivery was on time but packaging was basic.,neutral,delivery
ZB-01469,2026-06-17,Saddar,Google,4,"Visited for lunch. Khana bohat tasty tha, dil khush ho gaya.",positive,food
ZB-01470,2026-06-17,North Nazimabad,Foodpanda,5,"Went with family. Order 25 minute mein pohanch gaya, great 👍",positive,delivery
ZB-01471,2026-06-17,Saddar,Google,5,Ordered on Friday night. Waiter ka behavior bohat acha tha.,positive,service
ZB-01472,2026-06-17,DHA,Facebook,5,"Visited for lunch. Great rooftop view, very relaxing vibe 👍",positive,ambiance
ZB-01473,2026-06-17,Gulshan,Google,2,"Packaging was leaking, gravy everwhere.",negative,delivery
ZB-01474,2026-06-17,North Nazimabad,Instagram,2,"Visited for lunch. The food was cold and tasteless, rider late aya aur order adhoora tha 😞",negative,food
ZB-01475,2026-06-17,North Nazimabad,Instagram,5,"Birthday dinner here. Manager personally checked on us, great service!",positive,service
ZB-01476,2026-06-17,Gulshan,Google,3,"Birthday dinner here. Rider thee tha, order thora late aya!",neutral,delivery
ZB-01477,2026-06-18,Gulshan,Facebook,1,"Dost ke saath gaye thay. Packaging was leaking, gravy everywhere.",negative,delivery
ZB-01478,2026-06-18,DHA,Instagram,4,Ordered on Friday night. Packaging was neat and delivery on time.,positive,delivery
ZB-01479,2026-06-18,North Nazimabad,Foodpanda,5,Birthday dinner here. Staff was very polite and helpful 👍,positive,service
ZB-01480,2026-06-18,Gulshan,Google,4,"Went with family. The biryani was amazing, perfectly spiced.",positive,food
ZB-01481,2026-06-18,North Nazimabad,Instagram,5,"Visited for lunch. Karahi bohat zabardast thi, taste lajawab 👍",positive,food
ZB-01482,2026-06-18,DHA,Instagram,1,"Seating was uncomfortable and lighting too harsh, found hair in the food, very unhygienic 😞",negative,ambiance
ZB-01483,2026-06-18,Gulshan,Foodpanda,1,"Birthday dinner here. Biryani men masala bohat kam tha, bekar taste, way too expensive for the portion size.",negative,food
ZB-01484,2026-06-18,DHA,Google,4,"Went with family. Packaging was neat and delivery on time, hygiene standards were great, staff wore gloves.",positive,delivery
ZB-01485,2026-06-18,Saddar,Facebook,5,"Ordered on Friday night. Order 25 minute mein pohanch gaya, great.",positive,delivery
ZB-01486,2026-06-18,Clifton,Facebook,5,"Visited for lunch. Manager personally checked on us, great service.",positive,service
ZB-01487,2026-06-18,Clifton,Foodpanda,3,"Ordered on Friday night. Rider theek tha, order thora late aya.",neutral,delivery
ZB-01488,2026-06-18,Clifton,Instagram,1,"Birthday dinner here. Biryani mein masala bohat kam tha, bekar taste!",negative,food
ZB-01489,2026-06-18,Saddar,Google,5,"Second time here. The biryani was amazing, perfectly spiced, order 25 minute mein pohanch gaya, great.",positive,food
ZB-01490,2026-06-19,Saddar,Facebook,3,"Dost ke saath gaye thay. Place was fairly clean but washroom needs attention, taste theek tha, bas average.",neutral,cleanliness
ZB-01491,2026-06-19,Gulshan,Instagram,3,"Cleanliness was acceptable, could be better.",neutral,cleanliness
ZB-01492,2026-06-19,North Nazimabad,Instagram,1,Visited for lunch. Delivery took over 90 minutes and food was cold!,negative,delivery
ZB-01493,2026-06-19,Gulshan,Facebook,2,Birthday dinner here. Parking was a nightmare and place felt cramped.,negative,ambiance
ZB-01494,2026-06-19,Gulshan,Google,5,"Went with family. The biryani was amazing, perfectly spiced 👍",positive,food
ZB-01495,2026-06-19,Gulshan,Google,5,"Manager personally checked on us, great service 👍",positive,service
ZB-01496,2026-06-19,DHA,Instagram,4,"Dost ke saath gaye thay. Very clean restaurant, tables spotless 👍",positive,cleanliness
ZB-01497,2026-06-19,Gulshan,Foodpanda,3,Dost ke saath gaye thay. Place was fairly clean but washroom needs attention!,neutral,cleanliness
ZB-01498,2026-06-19,Gulshan,Foodpanda,1,"Hidden charges added to the bill, very disappointing 😞",negative,price
ZB-01499,2026-06-20,North Nazimabad,Foodpanda,3,Decent place but nothing memorable.,neutral,ambiance
ZB-01500,2026-06-20,Clifton,Foodpanda,5,"Lovely ambiance, perfect for family dinner.",positive,ambiance
ZB-01501,2026-06-20,Clifton,Instagram,3,Ordered on Friday night. Place was fairly clean but washroom needs attention.,neutral,cleanliness
ZB-01502,2026-06-20,North Nazimabad,Foodpanda,4,"Quick service, they remembered our order perfectly!",positive,service
ZB-01503,2026-06-20,Gulshan,Facebook,1,Went with family. Rider late aya aur order adhoora tha.,negative,delivery
ZB-01504,2026-06-20,North Nazimabad,Instagram,4,"Dost ke saath gaye thay. Lovely ambiance, perfect for family dinner!",positive,ambiance
ZB-01505,2026-06-20,DHA,Instagram,5,"Visited for lunch. Fresh and hot food, loved every bite 👍",positive,food
ZB-01506,2026-06-20,North Nazimabad,Google,3,"Went with family. Service was average, not bad not great.",neutral,service
ZB-01507,2026-06-20,Clifton,Google,1,"Biryani mein masala bohat kam tha, bekar taste 😞",negative,food
ZB-01508,2026-06-21,North Nazimabad,Facebook,4,"Visited for lunch. Worth every rupee, the family deal is excellent.",positive,price
ZB-01509,2026-06-21,DHA,Instagram,5,"Visited for lunch. Quick service, they remembered our order perfectly.",positive,service
ZB-01510,2026-06-21,North Nazimabad,Instagram,4,"Went with family. Very clean restaurant, tables spotless, mahol bohat acha tha, music aur seating lajawab.",positive,cleanliness
ZB-01511,2026-06-21,Clifton,Google,3,"Ordered on Friday night. Staff theek tha, thora slow!",neutral,service
ZB-01512,2026-06-21,DHA,Foodpanda,5,"Second time here. Khana bohat tasty tha, dil khush ho gaya!",positive,food
ZB-01513,2026-06-22,Gulshan,Foodpanda,4,"Dost ke saath gaye thay. Great value for money, big portions.",positive,price
ZB-01514,2026-06-22,North Nazimabad,Facebook,4,"Manager personally checked on us, great service.",positive,service
ZB-01515,2026-06-22,DHA,Facebook,5,Visited for lunch. Naan was soft and the gravy was rich.,positive,food
ZB-01516,2026-06-22,Gulshan,Facebook,1,Birthday dinner here. Delivery took over 90 minutes and food was cold.,negative,delivery
ZB-01517,2026-06-22,North Nazimabad,Facebook,4,"Birthday dinner here. Karahi bohat zabardast thi, taste lajawab.",positive,food
ZB-01518,2026-06-22,Saddar,Foodpanda,1,Went with family. Khana bilkul baasi lag raha tha.,negative,food
ZB-01519,2026-06-23,DHA,Foodpanda,3,Visited for lunch. Decent place but nothing memorable.,neutral,ambiance
ZB-01520,2026-06-23,Saddar,Google,1,"Dost ke saath gye thay. Packaging was neat and delivery on time, but tables were dirty and washroom was awful!",negative,cleanliness
ZB-01521,2026-06-24,Clifton,Facebook,5,"Karahi bohat zabardast thi, taste lajawab, rider bohat polite tha, time pe aya order.",positive,food
ZB-01522,2026-06-24,DHA,Google,2,"Second time here. Found hair in the food, very unhygienic.",negative,cleanliness
ZB-01523,2026-06-24,Gulshan,Google,3,"Went with family. Delivery okay, food arrived lukewarm, place was fairly clean but washroom needs attention!",neutral,delivery
ZB-01524,2026-06-24,DHA,Foodpanda,2,Second time here. Staff behaviour was unprofessional.,negative,service
ZB-01525,2026-06-24,Clifton,Google,3,"Second time here. Food was okay, nothing special.",neutral,food
ZB-01526,2026-06-24,North Nazimabad,Facebook,4,Went with family. Staff was very polite and helpful.,positive,service
ZB-01527,2026-06-24,DHA,Foodpanda,4,Dost ke saath gaye thay. Naan was soft and the gravy was rich.,positive,food
ZB-01528,2026-06-25,Clifton,Foodpanda,4,Second time here. Delivery was super fast and food arrived hot.,positive,delivery
ZB-01529,2026-06-25,Saddar,Foodpanda,5,"Very clean restaurant, tables spotless.",positive,cleanliness
ZB-01530,2026-06-25,North Nazimabad,Facebook,3,"Ordered on Friday night. Food was okay, nothing special.",neutral,food
ZB-01531,2026-06-25,Saddar,Instagram,2,Tables were dirty and washroom was awful!,negative,cleanliness
ZB-01532,2026-06-25,Saddar,Google,1,"Safai bohat kharab thi, makhiyan thin.",negative,cleanliness
ZB-01533,2026-06-25,DHA,Instagram,5,Delivery was super fast and food arrived hot.,positive,delivery
ZB-01534,2026-06-25,Gulshan,Facebook,2,"Birthday dinner here. Delivery was super fast and food arrived hot, but aC kharab tha, bohat garmi thi.",negative,ambiance
ZB-01535,2026-06-26,DHA,Facebook,4,"Karahi bohat zabardast thi, taste lajawab 👍",positive,food
ZB-01536,2026-06-26,Gulshan,Instagram,5,Visited for unch. Waiter ka behavior bohat acha tha 👍,positive,service
ZB-01537,2026-06-26,Saddar,Facebook,3,Place was fairly clean but washroom needs attention.,neutral,cleanliness
ZB-01538,2026-06-26,Gulshan,Facebook,5,Visited for lunch. Waiter ka behavior bohat acha tha.,positive,service
ZB-01539,2026-06-26,North Nazimabad,Facebook,3,"Ordered on Friday night. Fair pricing, nothing amazing.",neutral,price
ZB-01540,2026-06-26,DHA,Google,4,"Visited for lunch. Order 25 minute mein pohanch gaya, great.",positive,delivery
ZB-01541,2026-06-26,Clifton,Google,4,"Ordered on Fridy night. Rider bohat polite tha, time pe aya order!",positive,delivery
ZB-01542,2026-06-26,Gulshan,Instagram,2,"Visited for lunch. Packagng was leaking, gravy everywhere, parking was a nightmare and place felt cramped.",negative,delivery
ZB-01543,2026-06-26,DHA,Facebook,5,"Rider bohat polite tha, time pe aya order.",positive,delivery
ZB-01544,2026-06-27,Clifton,Facebook,1,"Dost ke saath gaye thay. Prices bohat zyada hain, paisa wasool nahi, staff behaviour was unprofessional.",negative,price
ZB-01545,2026-06-27,North Nazimabad,Facebook,1,Visited for lunch. Floor was sticky and the place smelled bad.,negative,cleanliness
ZB-01546,2026-06-27,North Nazimabad,Instagram,5,Second time here. Waiter ka behavior bohat acha tha 👍,positive,service
ZB-01547,2026-06-27,Saddar,Facebook,5,"Dost ke saath gaye thay. Quick service, they remembered our order perfectly!",positive,service
ZB-01548,2026-06-27,Saddar,Facebook,4,"Visited for lunch. Mahol bohat acha tha, music aur seating lajawab.",positive,ambiance
ZB-01549,2026-06-27,Gulshan,Instagram,2,"Second time here. Packaging was leaking, gravy everywhere.",negative,delivery
ZB-01550,2026-06-27,Saddar,Facebook,5,"Birthday dinner here. Hygiene standards were great, staff wore gloves.",positive,cleanliness
ZB-01551,2026-06-27,DHA,Foodpanda,4,"Ordered on Friday night. Khana bohat tasty tha, dil khush ho gaya 👍",positive,food
ZB-01552,2026-06-28,Gulshan,Instagram,5,Dost ke saath gaye thay. Waiter ka behavior bohat acha tha.,positive,service
ZB-01553,2026-06-28,DHA,Instagram,1,"Packaging was leaking, gravy everywhere!",negative,delivery
ZB-01554,2026-06-28,Gulshan,Facebook,2,"Visited for lunch. AC kharab tha, bohat garmi thi.",negative,ambiance
ZB-01555,2026-06-28,North Nazimabad,Facebook,5,"Second time here. Prices bilkul reasonable hain, deal zabardast.",positive,price
ZB-01556,2026-06-28,Saddar,Foodpanda,2,"Safai bohat kharab thi, makhiyan thin!",negative,cleanliness
ZB-01557,2026-06-29,DHA,Foodpanda,1,Birthday dinner here. Wrong item delivered and no one picked my call!,negative,delivery
ZB-01558,2026-06-29,North Nazimabad,Foodpanda,4,Birthday dinner here. Waiter ka behavior bohat acha tha.,positive,service
ZB-01559,2026-06-29,Clifton,Foodpanda,5,"Hygiene standards were great, staff wore gloves 👍",positive,cleanliness
ZB-01560,2026-06-29,Clifton,Facebook,5,"Great rooftop view, very relaxing vibe.",positive,ambiance
ZB-01561,2026-06-29,Saddar,Instagram,3,"Visited for lunch. Food was okay, nothing special.",neutral,food
ZB-01562,2026-06-29,Gulshan,Instagram,3,"Food was okay, nothing special.",neutral,food
ZB-01563,2026-06-29,Gulshan,Foodpanda,5,"Visited for lunch. Worth every rupee, the family deal is exellent.",positive,price
ZB-01564,2026-06-29,Clifton,Google,3,"Went with family. Cleanliness was acceptable, could be better!",neutral,cleanliness
ZB-01565,2026-06-29,Gulshan,Google,1,"Visited for lunch. Hygiene standards were great, staff wore gloves, but delivery took over 90 minutes and food was cold!",negative,delivery
ZB-01566,2026-06-29,Gulshan,Facebook,5,"Dost ke saath gaye thay. Great value for money, big portions!",positive,price
ZB-01567,2026-06-29,Gulshan,Foodpanda,5,"Second time here. Hygiene standards were great, staff wore gloves 👍",positive,cleanliness
ZB-01568,2026-06-29,North Nazimabad,Facebook,3,Went with family. Rates thore zyada hain but acceptable!,neutral,price
ZB-01569,2026-06-30,Gulshan,Foodpanda,5,Dost ke saath gaye thay. Delivery was super fast and food arrived hot.,positive,delivery
ZB-01570,2026-06-30,North Nazimabad,Instagram,3,"Second time here. Jagah heek thi, normal environment, rates thore zyada hain but acceptable.",neutral,ambiance
ZB-01571,2026-06-30,Gulshan,Google,1,"Dost ke saath gaye thay. Prices bohat zyada hain, paisa wasool nahi.",negative,price
ZB-01572,2026-06-30,DHA,Instagram,4,Packaging was neat and delivery on time!,positive,delivery
ZB-01573,2026-06-30,Clifton,Facebook,4,"Went with family. Great value for money, big portions, rider bohat polite tha, time pe aya order.",positive,price
ZB-01574,2026-06-30,Saddar,Google,4,"Went with family. Hygiene standards were great, staff wore gloves!",positive,cleanliness
ZB-01575,2026-06-30,Saddar,Instagram,4,Birthday dinner here. Beautiful decor and comfortable seating!,positive,ambiance
ZB-01576,2026-06-30,Saddar,Facebook,1,"Went with family. Order wapis cancel karna para, delivery bohat late thi.",negative,delivery
ZB-01577,2026-06-30,North Nazimabad,Instagram,5,"Dost ke saath gaye thay. Quick service, they remembered our order perfectly, hygiene standards were great, staff wore gloves.",positive,service
ZB-01578,2026-06-30,Clifton,Facebook,5,"Visted for lunch. Quick service, they remembered our order perfectly.",positive,service
ZB-01579,2026-06-30,Clifton,Facebook,5,"Went with family. Safai ka bohat khayal rakha gaya, washrooms clean!",positive,cleanliness
ZB-01580,2026-07-01,DHA,Google,2,"Packaging was neat and delivery on time, but service bohat slow thi, 45 minute wait kiya.",negative,service
ZB-01581,2026-07-01,Clifton,Google,5,Staff was very polite and helpful 👍,positive,service
ZB-01582,2026-07-01,DHA,Facebook,4,"Manager personally checked on us, great service.",positive,service
ZB-01583,2026-07-01,North Nazimabad,Instagram,5,"Fresh and hot food, loved every bite 👍",positive,food
ZB-01584,2026-07-01,Gulshan,Instagram,3,Portion was decent but flavour was ordinary.,neutral,food
ZB-01585,2026-07-01,Saddar,Instagram,2,"Went with family. Fresh and hot food, loved every bite, but found hair in the food, very unhygienic!",negative,cleanliness
ZB-01586,2026-07-01,Clifton,Facebook,4,"Second time here. Worth every rupee, the family deal is excellent!",positive,price
ZB-01587,2026-07-01,Clifton,Google,5,"Ordered on Friday night. Mahol bohat acha tha, music aur seating lajawab.",positive,ambiance
ZB-01588,2026-07-01,Saddar,Instagram,5,"Rider bohat polite tha, time pe aya order, great rooftop view, very relaxing vibe 👍",positive,delivery
ZB-01589,2026-07-01,Saddar,Google,4,"Birthday dinner here. Worth every rupee, the family deal is excellent, quick service, they remembered our order perfectly.",positive,price
ZB-01590,2026-07-01,DHA,Instagram,4,"Order 5 minute mein pohanch gaya, great 👍",positive,delivery
ZB-01591,2026-07-01,DHA,Google,5,"Visited for lunch. Karahi bohat zabardast thi, taste lajawab 👍",positive,food
ZB-01592,2026-07-01,North Nazimabad,Foodpanda,2,"Went with family. Karahi boat zabardast thi, taste lajawab, but service bohat slow thi, 45 minute wait kiya 😞",negative,service
ZB-01593,2026-07-01,North Nazimabad,Instagram,5,"Visited for lunch. Order 25 minute mein pohanch gaya, great.",positive,delivery
ZB-01594,2026-07-02,Clifton,Foodpanda,2,Waiter was rude and ignord us.,negative,service
ZB-01595,2026-07-02,DHA,Facebook,1,"Birthday dinner here. Very clean restaurant, tables spotless, but parking was a nightmare and place felt cramped.",negative,ambiance
ZB-01596,2026-07-02,Gulshan,Instagram,4,"Went with family. Rider bohat polite tha, time pe aya order 👍",positive,delivery
ZB-01597,2026-07-02,North Nazimabad,Foodpanda,4,"Went with family. Worth every rupee, the family deal is excellent 👍",positive,price
ZB-01598,2026-07-02,Saddar,Instagram,5,"Order 25 minute mein pohanch gya, great 👍",positive,delivery
ZB-01599,2026-07-02,DHA,Facebook,1,"Birthday dinner here. Way too expensive for the portion size, floor was sticky and the place smelled bad!",negative,price
ZB-01600,2026-07-02,Saddar,Foodpanda,2,"Birthday dinner here. Safai bohat kharab thi, makhiyan thin.",negative,cleanliness
ZB-01601,2026-07-02,Saddar,Instagram,5,"Rider bohat polite tha, time pe aya order.",positive,delivery
ZB-01602,2026-07-03,Gulshan,Instagram,5,Naan was soft and the gravy was rich.,positive,food
ZB-01603,2026-07-03,Clifton,Facebook,2,Went with family. The food was cold and tasteless.,negative,food
ZB-01604,2026-07-03,DHA,Instagram,3,Second time here. Waiters were fine but a bit busy.,neutral,service
ZB-01605,2026-07-03,North Nazimabad,Google,3,"Taste theek tha, bas average!",neutral,food
ZB-01606,2026-07-03,DHA,Facebook,5,"Dost ke saath gaye thay. Great value for money, big portions 👍",positive,price
ZB-01607,2026-07-03,Clifton,Instagram,3,"Dost ke saath gaye thay. Safai theek thi, kuch khaas nahi.",neutral,cleanliness
ZB-01608,2026-07-04,North Nazimabad,Foodpanda,1,"Birthday dinner here. Chicken was undercooked, very disappointing!",negative,food
ZB-01609,2026-07-04,Gulshan,Facebook,5,"Birthday dinner here. Naan was soft and the gravy was rich, great rooftop view, very relaxing vibe 👍",positive,food
ZB-01610,2026-07-04,Clifton,Google,5,"Dost ke saath gaye thay. Karahi bohat zabardast thi, taste lajawab!",positive,food
ZB-01611,2026-07-04,Clifton,Instagram,5,Naan was soft and the gravy was rich 👍,positive,food
ZB-01612,2026-07-04,DHA,Foodpanda,3,"Taste theek tha, bas average.",neutral,food
ZB-01613,2026-07-04,DHA,Facebook,1,Delivery took over 90 minutes and food was cold 😞,negative,delivery
ZB-01614,2026-07-04,Gulshan,Facebook,4,"Dost ke saath gaye thay. Khana bohat tasty tha, dil khush ho gaya.",positive,food
ZB-01615,2026-07-04,Clifton,Foodpanda,1,"Birthday dinner here. Hiden charges added to the bill, very disappointing.",negative,price
ZB-01616,2026-07-04,DHA,Foodpanda,2,"Visited for lunch. Safai bohat kharab thi, makhiyan thin 😞",negative,cleanliness
ZB-01617,2026-07-04,Saddar,Facebook,4,Visited for lunch. Beautiful decor and comfortable seating 👍,positive,ambiance
ZB-01618,2026-07-04,Gulshan,Facebook,3,"Delivery okay, food arrived lukewarm.",neutral,delivery
ZB-01619,2026-07-05,Saddar,Facebook,4,"Second time here. The biryani was amazing, perfectly spiced.",positive,food
ZB-01620,2026-07-05,Gulshan,Instagram,1,Birthday dinner here. The food was cold and tasteless.,negative,food
ZB-01621,2026-07-05,North Nazimabad,Google,1,"Second time here. Packaging was leaking, gravy everywhere.",negative,delivery
ZB-01622,2026-07-05,DHA,Foodpanda,5,"Khana bohat tasty tha, dil khush ho gaya!",positive,food
ZB-01623,2026-07-05,Clifton,Instagram,2,"Ordered on Friday night. They got our order wrong twice, no apology.",negative,service
ZB-01624,2026-07-05,Gulshan,Instagram,5,Waiter ka behavior bohat acha tha.,positive,service
ZB-01625,2026-07-05,Saddar,Foodpanda,3,"Visited for lunch. Food was okay, nothing special.",neutral,food
ZB-01626,2026-07-05,DHA,Instagram,2,Visited for lunch. Karahi was too oily and salty.,negative,food
ZB-01627,2026-07-05,Saddar,Foodpanda,5,Went with family. Staff was very polite and helpful 👍,positive,service
ZB-01628,2026-07-05,DHA,Instagram,2,Birthday dinner here. Karahi was too oily and salty 😞,negative,food
ZB-01629,2026-07-05,Gulshan,Instagram,1,"Second time here. Fresh and hot food, loved every bite, but delivery took over 90 minutes and food was cold.",negative,delivery
ZB-01630,2026-07-06,Gulshan,Google,1,"Khana bilkul baasi lag raha tha, hidden chargs added to the bill, very disappointing.",negative,food
ZB-01631,2026-07-06,North Nazimabad,Foodpanda,5,"Worth every rupee, the family deal is excellent 👍",positive,price
ZB-01632,2026-07-06,Saddar,Instagram,1,"Visited for lunch. Delivery was super fast and food arrived hot, but stff behaviour was unprofessional.",negative,service
ZB-01633,2026-07-06,DHA,Foodpanda,5,"Went with family. Prices bilkul reasonable hain, deal zabardast.",positive,price
ZB-01634,2026-07-06,Clifton,Instagram,4,"Second time here. The biryani was amazing, perfectly spiced.",positive,food
ZB-01635,2026-07-06,Clifton,Foodpanda,3,"Second time here. Rider theek tha, order thora late aya.",neutral,delivery
ZB-01636,2026-07-06,North Nazimabad,Instagram,1,"Ordered on Friday night. Chicken was undercooked, very disappointing.",negative,food
ZB-01637,2026-07-06,Gulshan,Google,2,Visited for lunch. Wrong item delivered and no one picked my call!,negative,delivery
ZB-01638,2026-07-06,DHA,Google,5,"Manager personally checked on us, great service!",positive,service
ZB-01639,2026-07-06,Clifton,Instagram,5,"Order 25 minute mein pohanch gaya, great.",positive,delivery
ZB-01640,2026-07-06,Clifton,Foodpanda,1,"Second time here. Order wapis cancel karna para, delivery bohat late thi!",negative,delivery
ZB-01641,2026-07-06,Saddar,Facebook,3,Dost ke saath gaye thay. Place was fairly clean but washroom needs attention.,neutral,cleanliness
ZB-01642,2026-07-06,Clifton,Google,4,"Ordered on Friday night. Manager personally checked on us, great service, beautiful decor and comfortable seating 👍",positive,service
ZB-01643,2026-07-06,North Nazimabad,Google,3,"Taste theek tha, bas average, fair pricing, nothing amazing.",neutral,food
ZB-01644,2026-07-06,DHA,Foodpanda,3,Ordered on Friday ight. Portion was decent but flavour was ordinary.,neutral,food
ZB-01645,2026-07-07,Saddar,Google,5,"Dost ke saath gaye thay. Great rooftop view, very relaxing vibe, the biryani was amazing, perfectly spiced.",positive,ambiance
ZB-01646,2026-07-07,Clifton,Google,1,Second time here. Waiter was rude and ignored us.,negative,service
ZB-01647,2026-07-07,Gulshan,Foodpanda,4,"Ordered on Friday night. Karahi bohat abardast thi, taste lajawab!",positive,food
ZB-01648,2026-07-07,North Nazimabad,Foodpanda,4,Birthday dinner here. Staff was very polite and helpful!,positive,service
ZB-01649,2026-07-07,Gulshan,Facebook,1,Waiter was rude and ignored us.,negative,service
ZB-01650,2026-07-07,Saddar,Google,1,"Found hair in he food, very unhygienic 😞",negative,cleanliness
ZB-01651,2026-07-07,DHA,Facebook,1,Birthday dinner here. Tables were dirty and washroom was awful.,negative,cleanliness
ZB-01652,2026-07-07,Gulshan,Instagram,1,"Dost ke saath gaye thay. Packaging was leaking, gravy everywhere.",negative,delivery
ZB-01653,2026-07-08,North Nazimabad,Foodpanda,5,"Order 25 minute mein pohanch gaya, great 👍",positive,delivery
ZB-01654,2026-07-08,Gulshan,Foodpanda,3,"Taste theek tha, bas average.",neutral,food
ZB-01655,2026-07-08,Gulshan,Foodpanda,3,Visited for lunch. Delivery was on time but packaging was basic.,neutral,delivery
ZB-01656,2026-07-08,DHA,Instagram,2,"Ordered on Friday night. Order wapis cancel karna para, delivery bohat late thi.",negative,delivery
ZB-01657,2026-07-08,DHA,Instagram,5,"Ordered on Friday night. Great value for money, big portions 👍",positive,price
ZB-01658,2026-07-08,Saddar,Facebook,5,"Safai ka bohat khayal rakha gaya, washrooms clean!",positive,cleanliness
ZB-01659,2026-07-08,Gulshan,Facebook,5,"Went with family. Safai ka bohat khayal rakha gaya, washrooms clean.",positive,cleanliness
ZB-01660,2026-07-08,Gulshan,Google,5,"Dost ke saath gaye thay. Worth every rupee, the family deal is excellent.",positive,price
ZB-01661,2026-07-08,DHA,Instagram,3,"Went with family. Jagah theek thi, normal environment.",neutral,ambiance
ZB-01662,2026-07-09,Saddar,Facebook,4,"Hygiene standards were great, staff wore gloves.",positive,cleanliness
ZB-01663,2026-07-09,DHA,Foodpanda,1,"Visited for lunch. They got our order wrong twice, no apology, seating was uncomfortable and lighting too harsh 😞",negative,service
ZB-01664,2026-07-09,DHA,Google,5,"Dost ke saath gaye thay. Order 25 minute mein pohanch gaya, great.",positive,delivery
ZB-01665,2026-07-09,Clifton,Foodpanda,4,Visited for lunch. Beautiful decor and comfortable seting 👍,positive,ambiance
ZB-01666,2026-07-09,Saddar,Foodpanda,5,"Ordered on Friday niht. Great rooftop view, very relaxing vibe.",positive,ambiance
ZB-01667,2026-07-09,Saddar,Instagram,2,"Dost ke saath gaye thay. Order wapis cancel karna para, delivery bohat late thi.",negative,delivery
ZB-01668,2026-07-09,Clifton,Foodpanda,4,"Great value for money, big portions.",positive,price
ZB-01669,2026-07-09,DHA,Foodpanda,5,"Quick service, they remembered our order perfectly.",positive,service
ZB-01670,2026-07-09,North Nazimabad,Foodpanda,5,"Went with family. Lovely ambiance, perfect for family dinner!",positive,ambiance
ZB-01671,2026-07-10,North Nazimabad,Foodpanda,2,"Birthday dinner here. Mahol bohat acha tha, music aur seating lajawab, but karahi was too oily and salty, they got our order wrong twice, no apology.",negative,food
ZB-01672,2026-07-10,DHA,Instagram,2,Staff behaviour was unprofessional.,negative,service
ZB-01673,2026-07-10,DHA,Instagram,2,Birthday dinner here. Parking was a nightmare and place felt cramped.,negative,ambiance
ZB-01674,2026-07-10,Gulshan,Facebook,5,Visited for lunch. Delivery was super fast and food arrived hot.,positive,delivery
ZB-01675,2026-07-10,Clifton,Instagram,5,"Very clean restaurant, tables spotless.",positive,cleanliness
ZB-01676,2026-07-10,DHA,Instagram,3,Visited for lunch. Deivery was on time but packaging was basic.,neutral,delivery
ZB-01677,2026-07-10,Clifton,Instagram,2,Rider late aya au order adhoora tha!,negative,delivery
ZB-01678,2026-07-10,Saddar,Instagram,2,"Visited for lunch. Biryani mein masala bohat kam tha, bekar taste 😞",negative,food
ZB-01679,2026-07-11,North Nazimabad,Facebook,3,Went with family. Portion was decent but flavour was ordinary!,neutral,food
ZB-01680,2026-07-11,North Nazimabad,Google,3,"Dost ke saath gaye thay. Food was okay, nothing special, delivery okay, food arrived lukewarm.",neutral,food
ZB-01681,2026-07-11,Saddar,Google,4,"Waiter ka behavior bohat acha tha, great value for money, big portions!",positive,service
ZB-01682,2026-07-11,North Nazimabad,Facebook,1,Went with family. Way too expensive for the portion size 😞,negative,price
ZB-01683,2026-07-11,DHA,Facebook,5,"Went with family. Mahol bohat acha tha, music aur seating lajawab 👍",positive,ambiance
ZB-01684,2026-07-11,Gulshan,Foodpanda,1,"Ordered on Friday night. Service bohat slow thi, 45 minute wait kiya 😞",negative,service
ZB-01685,2026-07-11,Clifton,Facebook,5,"Lovely ambiance, perfect for family dinner.",positive,ambiance
ZB-01686,2026-07-11,Saddar,Facebook,3,"Second time here. Food was okay, nothing special, delivery was on time bt packaging was basic.",neutral,food
ZB-01687,2026-07-11,Gulshan,Instagram,3,"Went with family. Service was average, not bad not great!",neutral,service
ZB-01688,2026-07-11,Gulshan,Instagram,2,"Visited for lunch. Order wapis cancel karna para, delivery bohat late thi!",negative,delivery
ZB-01689,2026-07-11,North Nazimabad,Facebook,5,"Dost ke saath gaye thay. Fresh and hot food, loved every bite.",positive,food
ZB-01690,2026-07-11,Gulshan,Facebook,2,Dost ke sath gaye thay. Khana bilkul baasi lag raha tha.,negative,food
ZB-01691,2026-07-11,Gulshan,Google,5,"Dost ke saath gaye thay. Quick service, they remembered our order perfectly 👍",positive,service
ZB-01692,2026-07-11,North Nazimabad,Facebook,1,Orderedon Friday night. Khana bilkul baasi lag raha tha.,negative,food
ZB-01693,2026-07-11,North Nazimabad,Facebook,3,Visited for lunch. Portion was decent but flavour was ordinary.,neutral,food
ZB-01694,2026-07-11,Gulshan,Instagram,4,"Second time here. Karahi bohat zabardast thi, taste lajawab.",positive,food
ZB-01695,2026-07-11,North Nazimabad,Foodpanda,1,"Ordered on Friday night. Tables were dirty and washroom was awful, the food was cold and tasteless.",negative,cleanliness
ZB-01696,2026-07-12,Saddar,Instagram,5,"Second time here. The biryani was amazing, perfectly spiced!",positive,food
ZB-01697,2026-07-12,Gulshan,Google,3,Prices are avrage for this area!,neutral,price
ZB-01698,2026-07-12,Gulshan,Foodpanda,4,"Dost ke saath gaye thay. Great value for money, big portions!",positive,price
ZB-01699,2026-07-12,Saddar,Facebook,5,"The biryani was amazing, perfectly spiced.",positive,food
ZB-01700,2026-07-12,DHA,Google,5,Went with family. Waiter ka behavior bohat acha tha 👍,positive,service
ZB-01701,2026-07-13,North Nazimabad,Foodpanda,4,"Visited for lunch. Karahi bohat zabardast thi, taste lajawab.",positive,food
ZB-01702,2026-07-13,North Nazimabad,Google,3,Second time here. Waiters were fine but a bit busy.,neutral,service
ZB-01703,2026-07-13,North Nazimabad,Google,5,"Ordered on Friday night. Rider bohat polite tha, time pe aya order 👍",positive,delivery
ZB-01704,2026-07-13,Gulshan,Facebook,4,Second time here. Naan wa soft and the gravy was rich.,positive,food
ZB-01705,2026-07-13,Clifton,Google,5,Visited for lunch. Packaging was neat and delivery on time 👍,positive,delivery
ZB-01706,2026-07-13,Gulshan,Instagram,1,Seating ws uncomfortable and lighting too harsh.,negative,ambiance
ZB-01707,2026-07-13,Saddar,Foodpanda,5,"Second time here. Great rooftop view, very relaxing vibe 👍",positive,ambiance
ZB-01708,2026-07-13,Saddar,Google,2,"Second time here. Order wapis cancel karna para, delivery bohat late thi.",negative,delivery
ZB-01709,2026-07-13,Clifton,Google,5,"Visited for lunch. Rider bohat polite tha, time pe aya order.",positive,delivery
ZB-01710,2026-07-13,Gulshan,Foodpanda,1,Delivery took over 90 minutes and food was cold.,negative,delivery
ZB-01711,2026-07-13,Saddar,Instagram,5,Delivery was super fast and food arrived hot 👍,positive,delivery
ZB-01712,2026-07-13,Clifton,Google,5,"Dost ke saath gaye thay. Great value for money, big portions!",positive,price
ZB-01713,2026-07-13,Gulshan,Foodpanda,5,"Dost ke saath gaye thay. Manager personally checked on us, great service.",positive,service
ZB-01714,2026-07-13,Gulshan,Facebook,2,Second time here. The food was cold and tasteless!,negative,food
ZB-01715,2026-07-13,Gulshan,Instagram,4,Birthday dinner here. Staff was very polite and helpful 👍,positive,service
ZB-01716,2026-07-13,DHA,Instagram,2,"Hidden charges added to the bill, very disappoining.",negative,price
ZB-01717,2026-07-13,DHA,Facebook,5,"Khana bohat tasty tha, dil khush ho gaya.",positive,food
ZB-01718,2026-07-13,DHA,Google,5,"Dost ke saath gaye thay. Karahi bohat zabardast thi, tate lajawab.",positive,food
ZB-01719,2026-07-13,North Nazimabad,Instagram,5,"Great value for money, big portions, karahi bohat zabardast thi, taste lajawab.",positive,price
ZB-01720,2026-07-14,Gulshan,Foodpanda,5,"Second time here. Very clean restaurant, tables spotless, mahol bohat acha tha, music aur seating lajawab!",positive,cleanliness
ZB-01721,2026-07-14,Gulshan,Foodpanda,3,Dost ke saath gaye thay. Rates thore zyada hain but acceptable.,neutral,price
ZB-01722,2026-07-14,North Nazimabad,Foodpanda,1,Visited for lunch. Seating was uncomfortable and lighting too harsh.,negative,ambiance
ZB-01723,2026-07-14,North Nazimabad,Facebook,3,"Birthday dinner here. Food was okay, nothing special.",neutral,food
ZB-01724,2026-07-14,North Nazimabad,Google,2,"Dost ke saath gaye thay. Found hair in the food, very unhygienic.",negative,cleanliness
ZB-01725,2026-07-14,Saddar,Instagram,4,"Dost ke saath gaye thay. The biryani was amazing, perfectly spiced.",positive,food
ZB-01726,2026-07-14,Saddar,Facebook,3,"Went with family. Rider theek tha, order thora late aya!",neutral,delivery
ZB-01727,2026-07-14,Gulshan,Instagram,4,"Dost ke saath gaye thay. Hygiene standards were great, staff wore gloves!",positive,cleanliness
ZB-01728,2026-07-14,Saddar,Google,3,Birthday dinner here. Portion was decent but flavour was ordinary.,neutral,food
ZB-01729,2026-07-14,Gulshan,Facebook,3,Prices are average for this area.,neutral,price
ZB-01730,2026-07-15,Saddar,Google,3,"Second time here. Cleanliness was acceptable, could be better.",neutral,cleanliness
ZB-01731,2026-07-15,Saddar,Google,5,"Birthday dinner here. Rider bohat polite tha, time pe aya order.",positive,delivery
ZB-01732,2026-07-16,North Nazimabad,Google,4,Staff was very polite and helpful!,positive,service
ZB-01733,2026-07-16,Clifton,Facebook,1,"Dost ke saath gaye thay. Packaging was leaking, gravy everywhere 😞",negative,delivery
ZB-01734,2026-07-16,Gulshan,Instagram,4,Dost ke saath gaye thay. Naan was soft and the gravy was rich.,positive,food
ZB-01735,2026-07-16,Saddar,Foodpanda,2,Waiter was rude and ignored us 😞,negative,service
ZB-01736,2026-07-16,DHA,Google,2,"Service bohat slow thi, 45 minute wait kiya.",negative,service
ZB-01737,2026-07-16,North Nazimabad,Google,1,Karahi was too oily and salty!,negative,food
ZB-01738,2026-07-16,Saddar,Foodpanda,3,"Second time here. Food was okay, nothing special.",neutral,food
ZB-01739,2026-07-16,Gulshan,Instagram,3,"Ordered on Friday night. Taste theek tha, bas average, cleanliness was acceptable, could be better.",neutral,food
ZB-01740,2026-07-16,Clifton,Facebook,5,"Manager personally checked on us, great service 👍",positive,service
ZB-01741,2026-07-16,Gulshan,Facebook,1,"Birthday dinner here. Order wapis cancel karna para, delivery bohat late thi.",negative,delivery
ZB-01742,2026-07-17,DHA,Instagram,1,"Dost ke saath gaye thay. Great value for money, big portions, but they got our order wrong twice, no apology 😞",negative,service
ZB-01743,2026-07-17,DHA,Facebook,4,"Went with family. Hygiene standards were great, staff wore gloves.",positive,cleanliness
ZB-01744,2026-07-17,Clifton,Facebook,2,"Ordered on Friday night. Too oisy and crowded, couldn't even talk, packaging was leaking, gravy everywhere.",negative,ambiance
ZB-01745,2026-07-17,Clifton,Instagram,1,"Ordered on Friday night. Order wapis cancel karna para, delivery bohat late thi.",negative,delivery
ZB-01746,2026-07-17,DHA,Foodpanda,5,"Great value for money, big portions.",positive,price
ZB-01747,2026-07-17,DHA,Google,1,"Went with family. Hidden charges added to the bill, very disappointing!",negative,price
ZB-01748,2026-07-17,Gulshan,Google,5,"Ordered on Friday night. Very clean restaurant, tables spotless 👍",positive,cleanliness
ZB-01749,2026-07-17,Clifton,Facebook,5,"Went with family. Karahi bohat zabardast thi, taste lajawab.",positive,food
ZB-01750,2026-07-17,Gulshan,Instagram,4,"Karahi bohat zabardast thi, taste lajawab.",positive,food
ZB-01751,2026-07-17,North Nazimabad,Facebook,3,"Second time here. Cleanliness was acceptable, could be better!",neutral,cleanliness
ZB-01752,2026-07-17,North Nazimabad,Google,1,Went with family. Delivery took over 90 minutes and food was cold.,negative,delivery
ZB-01753,2026-07-17,DHA,Facebook,5,Waiter ka behavior bohat acha tha.,positive,service
ZB-01754,2026-07-18,Saddar,Facebook,5,"Ordered on Friday night. Naan was soft and the gravy was rich, packaging was neat and delivery on time!",positive,food
ZB-01755,2026-07-18,Gulshan,Foodpanda,2,Rider late aya aur order adhoora tha.,negative,delivery
ZB-01756,2026-07-18,Saddar,Instagram,2,Ordered on Friday night. Tables were dirty and washroom was awful.,negative,cleanliness
ZB-01757,2026-07-18,Clifton,Facebook,2,Dost ke saath gaye thay. Waiter was rude nd ignored us!,negative,service
ZB-01758,2026-07-18,DHA,Instagram,5,"Manager personally checked on us, great service.",positive,service
ZB-01759,2026-07-18,North Nazimabad,Foodpanda,5,"Went with family. Great rooftop view, very relaxing vibe.",positive,ambiance
ZB-01760,2026-07-18,Clifton,Facebook,5,"The biryani was amazing, perfectly spiced!",positive,food
ZB-01761,2026-07-18,Gulshan,Foodpanda,5,"Birthday dinner here. Rider bohat polite tha, time pe aya order, very clean restaurant, tables spotless!",positive,delivery
ZB-01762,2026-07-19,Clifton,Facebook,5,"Went with family. Fresh and hot food, loved every bite 👍",positive,food
ZB-01763,2026-07-19,DHA,Google,5,Went with family. Staff was very polite and helpful!,positive,service
ZB-01764,2026-07-19,DHA,Instagram,1,"Went with family. Prices bohat zyada hain, paisa wasool nahi.",negative,price
ZB-01765,2026-07-19,North Nazimabad,Instagram,1,"Dost ke saath gaye thay. They got our order wrong twice, no apology.",negative,service
ZB-01766,2026-07-19,North Nazimabad,Facebook,3,"Second time here. Cleanliness was acceptable, could be better!",neutral,cleanliness
ZB-01767,2026-07-19,Saddar,Instagram,1,Dost ke saath gaye thay. Seating was ncomfortable and lighting too harsh.,negative,ambiance
ZB-01768,2026-07-19,North Nazimabad,Instagram,1,Floor was sticky and the place smelled bad!,negative,cleanliness
ZB-01769,2026-07-19,Gulshan,Facebook,2,Went with family. Delivery took over 90 minutes and food was cold.,negative,delivery
ZB-01770,2026-07-19,DHA,Google,4,"Order 25 minute mein pohanch gaya, great!",positive,delivery
ZB-01771,2026-07-19,DHA,Foodpanda,5,"Rider bohat polite tha, time pe aya order 👍",positive,delivery
ZB-01772,2026-07-19,Clifton,Instagram,3,Place was fairly clean but washroom needs attention.,neutral,cleanliness
ZB-01773,2026-07-20,Gulshan,Facebook,2,"Ordered on Friday night. The food was cold and tasteless, floor was sticky and the place smelled bad.",negative,food
ZB-01774,2026-07-20,Gulshan,Google,2,Went with family. Khana bilkul baasi lag raha tha.,negative,food
ZB-01775,2026-07-20,North Nazimabad,Google,4,"Karahi bohat zabardast thi, taste lajawab.",positive,food
ZB-01776,2026-07-20,Clifton,Google,2,Seating was uncomfortable and lighting too harsh 😞,negative,ambiance
ZB-01777,2026-07-20,North Nazimabad,Foodpanda,5,"Dost ke saath gaye thay. Lovely ambiance, perfect for family dinner.",positive,ambiance
ZB-01778,2026-07-20,Gulshan,Facebook,4,"Order 25 minute mein pohanch gaya, great!",positive,delivery
ZB-01779,2026-07-20,North Nazimabad,Instagram,2,Ordered on Friday night. The food was cold and tasteless.,negative,food
ZB-01780,2026-07-20,North Nazimabad,Google,1,"Went with family. Khana bohat tasty tha, dil khush ho gaya, but wrong item delivered and no one picked my call, karahi was too oily and salty!",negative,delivery
ZB-01781,2026-07-20,DHA,Foodpanda,5,"Birthday dinner here. Great rooftop view, very relaxing vibe!",positive,ambiance
ZB-01782,2026-07-20,Clifton,Google,5,"Dost ke saath gaye thay. Great rooftop view, very relaxing vibe!",positive,ambiance
ZB-01783,2026-07-20,Gulshan,Facebook,5,"Hygiene standards were great, staff wore gloves.",positive,cleanliness
ZB-01784,2026-07-21,Gulshan,Foodpanda,1,Went with family. Rider late aya aur order adhoora tha!,negative,delivery
ZB-01785,2026-07-21,Clifton,Facebook,3,Second time here. Place was fairly clean but washroom needs attention.,neutral,cleanliness
ZB-01786,2026-07-21,Saddar,Foodpanda,1,Visited for lunch. Tables were dirty and washroom was awful!,negative,cleanliness
ZB-01787,2026-07-21,North Nazimabad,Google,3,"Dost ke saath gaye thay. Taste theek tha, bas average!",neutral,food
ZB-01788,2026-07-21,Saddar,Facebook,2,"Ordered on Friday night. Chicken was undercooked, very disappointing!",negative,food
ZB-01789,2026-07-21,Saddar,Foodpanda,4,Second time here. Naan was soft and the gravy was rich 👍,positive,food
ZB-01790,2026-07-21,DHA,Facebook,1,"Birthday dinner here. Waiter ka behaior bohat acha tha, but hidden charges added to the bill, very disappointing 😞",negative,price
ZB-01791,2026-07-21,North Nazimabad,Foodpanda,3,"Ordered on Friday night. Safai theek thi, kuch khaas nahi.",neutral,cleanliness
ZB-01792,2026-07-22,Clifton,Foodpanda,5,"Ordered on Friday night. The biryani was amazing, perfectly spiced.",positive,food
ZB-01793,2026-07-22,DHA,Foodpanda,1,"Birthday dinner here. AC kharab tha, bohat garmi thi!",negative,ambiance
ZB-01794,2026-07-22,Clifton,Google,2,"Went with family. Mahol bohat acha tha, music aur seating lajawab, but staff behaviour was unprofessional 😞",negative,service
ZB-01795,2026-07-22,DHA,Facebook,5,"Birthday dinner here. Lovely ambiance, perfect for family dinner 👍",positive,ambiance
ZB-01796,2026-07-22,Clifton,Foodpanda,4,"Safai ka bohat khayal rakha gaya, washrooms clean.",positive,cleanliness
ZB-01797,2026-07-22,Gulshan,Instagram,5,"Went with family. Karahi bohat zabardast thi, taste lajawab 👍",positive,food
ZB-01798,2026-07-23,Gulshan,Instagram,2,Wrong item delivered and no one picked my call!,negative,delivery
ZB-01799,2026-07-23,Clifton,Facebook,2,Birthday dinner here. Overpriced compared to other places in Karachi.,negative,price
ZB-01800,2026-07-23,North Nazimabad,Foodpanda,1,"Went with family. Service bohat slow thi, 45 minute wait kiya.",negative,service
ZB-01801,2026-07-23,DHA,Foodpanda,4,"Went with family. Karahi bohat zabardast thi, taste lajawab.",positive,food
ZB-01802,2026-07-23,Gulshan,Instagram,1,"Found hair in the food, very unhygienic 😞",negative,cleanliness
ZB-01803,2026-07-23,Saddar,Instagram,4,"Great value for money, big portions, very clean restaurant, tables spotless 👍",positive,price
ZB-01804,2026-07-23,Clifton,Facebook,5,"Went with family. Lovely ambiance, perfect for family dinner.",positive,ambiance
ZB-01805,2026-07-24,DHA,Foodpanda,2,Second time here. Waiter was rude and ignored us 😞,negative,service
ZB-01806,2026-07-24,North Nazimabad,Google,5,"Rider bohat polite tha, time pe aya order.",positive,delivery
ZB-01807,2026-07-24,North Nazimabad,Facebook,1,"Biryani mein masala bohat kam tha, bekar taste 😞",negative,food
ZB-01808,2026-07-24,DHA,Google,5,"Visited for lunch. Order 25 minute mein pohanch gaya, great!",positive,delivery
ZB-01809,2026-07-24,North Nazimabad,Google,5,"Dost ke saath gaye thay. Very clean restaurant, tables spotless, manager personally checked on us, great service!",positive,cleanliness
ZB-01810,2026-07-24,Saddar,Facebook,5,"Visited for lunch. Manager personally checked on us, great service, lovely ambiance, perfect for family dinner 👍",positive,service
ZB-01811,2026-07-24,Gulshan,Google,3,"Taste theek tha, as average!",neutral,food
ZB-01812,2026-07-25,North Nazimabad,Google,5,"Second time her. Fresh and hot food, loved every bite.",positive,food
ZB-01813,2026-07-25,DHA,Facebook,5,"Karahi bohat zabarast thi, taste lajawab!",positive,food
ZB-01814,2026-07-25,North Nazimabad,Facebook,3,Birthday dinner here. Portion was decent but flavour was ordinary.,neutral,food
ZB-01815,2026-07-25,North Nazimabad,Facebook,2,"Second time here. AC kharab tha, bohat garmi thi.",negative,ambiance
ZB-01816,2026-07-25,Clifton,Google,2,Wrong item delivered and no one picked my call 😞,negative,delivery
ZB-01817,2026-07-25,DHA,Instagram,4,"Second time here. Worth every rupee, the family deal is excellent.",positive,price
ZB-01818,2026-07-25,Clifton,Instagram,5,"Second time here. Beautiful decor and comfortable seating, great value for money, big portions!",positive,ambiance
ZB-01819,2026-07-25,Gulshan,Google,2,"Order wapis cancel karna para, delivery bohat late thi.",negative,delivery
ZB-01820,2026-07-25,DHA,Facebook,5,Ordered on Friday night. Waiter ka behavior bohat acha tha!,positive,service
ZB-01821,2026-07-26,Gulshan,Facebook,1,Orderedon Friday night. The food was cold and tasteless.,negative,food
ZB-01822,2026-07-26,Saddar,Facebook,4,Delivery was super fast and food arrived hot!,positive,delivery
ZB-01823,2026-07-26,Gulshan,Foodpanda,3,"Second time here. Taste theek tha, bas average!",neutral,food
ZB-01824,2026-07-26,Gulshan,Google,5,"Birthday dinner here. Order 25 minute mein pohanch gaya, great, safai ka bohat khayal rakha gaya, washrooms clean 👍",positive,delivery
ZB-01825,2026-07-26,Saddar,Facebook,2,"Birthday dinner here. Chicken was undercooked, very disappointing.",negative,food
ZB-01826,2026-07-26,Clifton,Foodpanda,5,"Birthday dinner here. Hygiene standards were great, staff wore gloves.",positive,cleanliness
ZB-01827,2026-07-26,Gulshan,Facebook,1,"Visited for lunch. Chicken was undercooked, very disappointing.",negative,food
ZB-01828,2026-07-26,Gulshan,Instagram,1,Wrong item delivered and no one picked my call.,negative,delivery
ZB-01829,2026-07-26,Clifton,Instagram,5,Went with family. Beautiful decor and comfortable seating.,positive,ambiance
ZB-01830,2026-07-27,Gulshan,Google,5,Dost ke saath gaye thay. Staff was very polite and helpful.,positive,service
ZB-01831,2026-07-27,North Nazimabad,Instagram,5,"Birthday dinner here. Hygiene standards were great, staff wore gloves!",positive,cleanliness
ZB-01832,2026-07-27,Gulshan,Foodpanda,4,Staff was very poite and helpful.,positive,service
ZB-01833,2026-07-27,DHA,Foodpanda,3,"Went with family. Waiters were fine but a bit busy, portion was decent but flavour was ordinary.",neutral,service
ZB-01834,2026-07-27,DHA,Google,1,Waiter was rude and ignored us 😞,negative,service
ZB-01835,2026-07-27,Gulshan,Instagram,1,"Birthday dinner here. Packaging was leaking, gravy everywhere 😞",negative,delivery
ZB-01836,2026-07-27,North Nazimabad,Instagram,1,"Great rooftop view, very relaxing vibe, but service bohat slow thi, 45 minute wait kiya!",negative,service
ZB-01837,2026-07-27,Gulshan,Foodpanda,5,Visited for lunch. Waiter ka behavior bohat acha tha.,positive,service
ZB-01838,2026-07-27,DHA,Foodpanda,3,"Dost ke saath gaye thay. Taste theek tha, bas average.",neutral,food
ZB-01839,2026-07-28,DHA,Facebook,1,"Visited for lunch. Order wapis cancel karna para, delivery bohat late thi 😞",negative,delivery
ZB-01840,2026-07-28,Gulshan,Facebook,5,"Naan was soft and the gravy was rich, order 25 minute mein pohanch gya, great.",positive,food
ZB-01841,2026-07-28,DHA,Facebook,5,"Visited for lunch. Lovely ambiance, perfect for family dinner.",positive,ambiance
ZB-01842,2026-07-28,Saddar,Foodpanda,1,Visited for lunch. Waiter was rude and ignored us 😞,negative,service
ZB-01843,2026-07-28,DHA,Facebook,5,"Visited for lunch. Great value for money, big portions 👍",positive,price
ZB-01844,2026-07-28,North Nazimabad,Foodpanda,1,Ordered on Friday night. Staff behaviour was unprofessional.,negative,service
ZB-01845,2026-07-28,Clifton,Facebook,2,"Went with family. Chicken wa undercooked, very disappointing.",negative,food
ZB-01846,2026-07-28,North Nazimabad,Google,1,"Birthday dinner here. Chicken was undercooked, very disappointing 😞",negative,food
ZB-01847,2026-07-28,Clifton,Facebook,1,Went with family. Wrong item delivered and no one picked my call.,negative,delivery
ZB-01848,2026-07-28,Clifton,Google,3,"Taste theek tha, bas average, prices are average for this area.",neutral,food
ZB-01849,2026-07-28,North Nazimabad,Foodpanda,4,"Second time here. Order 25 minute mein pohanch gaya, great.",positive,delivery
ZB-01850,2026-07-29,Gulshan,Instagram,4,"Karahi bohat zabardast thi, taste lajawab.",positive,food
ZB-01851,2026-07-29,Saddar,Google,5,"Second time here. Order 25 minute mein pohanch gaya, great.",positive,delivery
ZB-01852,2026-07-29,DHA,Facebook,5,Waiter ka behavior bohat acha tha 👍,positive,service
ZB-01853,2026-07-29,DHA,Google,4,"Went with family. Khana bohat tasty tha, dil hush ho gaya 👍",positive,food
ZB-01854,2026-07-29,Saddar,Google,1,"Ordered on Friday night. Quick ervice, they remembered our order perfectly, but safai bohat kharab thi, makhiyan thin.",negative,cleanliness
ZB-01855,2026-07-29,Clifton,Google,5,"Dost ke sath gaye thay. Mahol bohat acha tha, music aur seating lajawab.",positive,ambiance
ZB-01856,2026-07-29,North Nazimabad,Instagram,4,"The biryani was amazing, perfectly spiced.",positive,food
ZB-01857,2026-07-29,DHA,Facebook,5,"Birthday dinner here. Rider bohat polite tha, time pe aya order!",positive,delivery
ZB-01858,2026-07-29,DHA,Foodpanda,5,Dost ke saath gaye thay. Staff was very polite and helpful!,positive,service
ZB-01859,2026-07-29,Clifton,Google,4,Waiter ka behavior bohat acha tha.,positive,service
ZB-01860,2026-07-29,Gulshan,Instagram,5,"Hygiene standards were great, staff wore gloves 👍",positive,cleanliness
ZB-01861,2026-07-30,North Nazimabad,Instagram,3,"Birthday dinner here. Food was okay, nothing special!",neutral,food
ZB-01862,2026-07-30,North Nazimabad,Foodpanda,3,"Jagah theek thi, normal environment, taste theek tha, bas average.",neutral,ambiance
ZB-01863,2026-07-30,North Nazimabad,Instagram,5,"Prices bilkul reasonable hain, deal zabardast!",positive,price
ZB-01864,2026-07-30,DHA,Foodpanda,5,"Very clean restaurant, tables spotless!",positive,cleanliness
ZB-01865,2026-07-31,Gulshan,Instagram,5,"Order 25 minute mein pohanch gaya, great!",positive,delivery
ZB-01866,2026-07-31,North Nazimabad,Facebook,3,Went with family. Delivery was on time but packaging was basic.,neutral,delivery
ZB-01867,2026-07-31,North Nazimabad,Facebook,3,"Second time here. Delivery okay, food arrived lukewarm.",neutral,delivery
ZB-01868,2026-07-31,North Nazimabad,Google,5,Visited for lunch. Beautiful decor and comfortable seating.,positive,ambiance
ZB-01869,2026-07-31,Gulshan,Facebook,2,Ordered on Friday night. The food was cold and tasteess.,negative,food
ZB-01870,2026-08-01,Gulshan,Foodpanda,3,"Staff theek tha, thoraslow!",neutral,service
ZB-01871,2026-08-01,North Nazimabad,Facebook,5,"Went with family. Order 25 minute mein pohanch gaya, great 👍",positive,delivery
ZB-01872,2026-08-01,North Nazimabad,Foodpanda,3,Visited for lunch. Portion was decent but flavour was ordinary.,neutral,food
ZB-01873,2026-08-01,DHA,Facebook,2,The food was cold and tasteless!,negative,food
ZB-01874,2026-08-01,North Nazimabad,Foodpanda,5,"Ordered on Friday night. Worth every rupee, the family deal is excellent, safai ka bohat khayal rakha gaya, washrooms clean!",positive,price
ZB-01875,2026-08-01,North Nazimabad,Facebook,4,"Birthday dinner here. The biryani was amazing, perfectly spiced!",positive,food
ZB-01876,2026-08-01,DHA,Instagram,1,"Birthday dinner here. Very clean restaurant, tables spotless, but they got our order wrong twice, no apology.",negative,service
ZB-01877,2026-08-01,DHA,Google,5,"Rider bohat polite tha, time pe aya order!",positive,delivery
ZB-01878,2026-08-01,Saddar,Instagram,3,"Food was okay, nothing special.",neutral,food
ZB-01879,2026-08-01,North Nazimabad,Facebook,1,Went with family. Khana bilkul baasi lag raha tha 😞,negative,food
ZB-01880,2026-08-01,Gulshan,Google,2,"Birthday dinner here. Order wapis cancel karna para, delivery bohat late thi.",negative,delivery
ZB-01881,2026-08-02,Gulshan,Foodpanda,1,Rider late aya aur order adhoora tha 😞,negative,delivery
ZB-01882,2026-08-02,DHA,Google,1,"They got our order wrong twice, no apology.",negative,service
ZB-01883,2026-08-02,North Nazimabad,Facebook,4,"Visited for lunch. Fresh and hot food, loved every bite, great rooftop view, very relaxing vibe.",positive,food
ZB-01884,2026-08-02,DHA,Facebook,4,"Waiter ka behavior bohat acha tha, lovely ambiance, perfect for family dinner 👍",positive,service
ZB-01885,2026-08-02,Gulshan,Foodpanda,3,"Dost ke saath gaye thay. Rider theek tha, order thora late aya.",neutral,delivery
ZB-01886,2026-08-02,Saddar,Foodpanda,4,"Great rooftop view, very relaxing vibe 👍",positive,ambiance
ZB-01887,2026-08-02,DHA,Facebook,5,"Ordered on Friday night. Karahi bohat zabardast thi, taste lajawab.",positive,food
ZB-01888,2026-08-02,Clifton,Instagram,3,Birthday dinner here. Portion was decent but flavour was ordinary!,neutral,food
ZB-01889,2026-08-02,Saddar,Google,5,"Dost ke saath gaye thay. Khana bohat tasty tha, dil khush ho gaya!",positive,food
ZB-01890,2026-08-02,Gulshan,Google,1,Went withfamily. Wrong item delivered and no one picked my call!,negative,delivery
ZB-01891,2026-08-02,North Nazimabad,Instagram,3,Portion was decent but flavour was ordinary.,neutral,food
ZB-01892,2026-08-02,Gulshan,Google,1,"Visited for lunch. Packaging was leaking, gravy everywhere, found hair in the food, very unhygienic.",negative,delivery
ZB-01893,2026-08-02,Clifton,Foodpanda,5,Waiter ka behavior bohat acha tha.,positive,service
ZB-01894,2026-08-02,Gulshan,Google,2,"Order wapis cancel karna para, delivery bohat late thi.",negative,delivery
ZB-01895,2026-08-02,Clifton,Google,1,"Birthday dinner here. Overpriced compared to other places in Karachi, delivery took over 90 minutes and food was cold.",negative,price
ZB-01896,2026-08-02,Clifton,Instagram,3,Delivery was on time but packaging was basic.,neutral,delivery
ZB-01897,2026-08-02,DHA,Facebook,5,"Quick service, they remembered our order perfectly 👍",positive,service
ZB-01898,2026-08-02,Saddar,Foodpanda,5,"Fresh and hot food, loved every bite, safai ka bohat khayal rakha gaya, washrooms clean.",positive,food
ZB-01899,2026-08-02,Saddar,Facebook,1,"Dost ke saath gaye thay. Biryani mein masala bohat kam tha, bekar taste!",negative,food
ZB-01900,2026-08-02,Gulshan,Foodpanda,3,Delivery wason time but packaging was basic.,neutral,delivery
ZB-01901,2026-08-03,Clifton,Google,5,"Visited for lunch. Worth every rupee, the family deal is excellent.",positive,price
ZB-01902,2026-08-03,North Nazimabad,Facebook,5,"Went with family. Karahi bohat zabardast thi, taste lajawab 👍",positive,food
ZB-01903,2026-08-03,DHA,Facebook,5,Waiter ka behavior bohat acha tha.,positive,service
ZB-01904,2026-08-03,North Nazimabad,Instagram,5,"Dost ke saath gaye thay. Hygiene standards were great, staff wore gloves 👍",positive,cleanliness
ZB-01905,2026-08-03,DHA,Google,3,"Visited for lunc. Taste theek tha, bas average.",neutral,food
ZB-01906,2026-08-03,Clifton,Instagram,3,Went with family. Place was fairly clean but washroom needs attention.,neutral,cleanliness
ZB-01907,2026-08-04,North Nazimabad,Google,5,"Birthday dinner here. Worth every rupee, the family deal is excellent 👍",positive,price
ZB-01908,2026-08-04,Clifton,Facebook,3,"Tastetheek tha, bas average!",neutral,food
ZB-01909,2026-08-04,DHA,Google,5,"Mahol bohat acha tha, music aur seating lajawab!",positive,ambiance
ZB-01910,2026-08-04,North Nazimabad,Foodpanda,3,"Ordered on Friday night. Rider theek tha, order thora late aya.",neutral,delivery
ZB-01911,2026-08-04,Clifton,Foodpanda,5,"Visited for lunch. Great value for money, big portions 👍",positive,price
ZB-01912,2026-08-04,North Nazimabad,Google,5,Birthday dinner here. Packaging was neat and delivery on time!,positive,delivery
ZB-01913,2026-08-05,Clifton,Google,5,"Dost ke sath gaye thay. Fresh and hot food, loved every bite.",positive,food
ZB-01914,2026-08-05,Saddar,Facebook,4,Birthday dinner here. Waiter ka behavior bohat acha tha!,positive,service
ZB-01915,2026-08-05,Clifton,Instagram,5,"Rider bohat polite tha, time pe aya order, safai ka bohat khayal rakha gaya, washrooms clean.",positive,delivery
ZB-01916,2026-08-05,Clifton,Instagram,2,"Ordered on Friday night. Biryani mein masala bohat kam tha, bekar taste 😞",negative,food
ZB-01917,2026-08-05,Saddar,Google,1,"Visited for lunch. Great value for money, big portions, but order wapis cancel karna para, delivey bohat late thi 😞",negative,delivery
ZB-01918,2026-08-05,Saddar,Instagram,5,Went with family. Beautiful decor and comfortable seating.,positive,ambiance
ZB-01919,2026-08-05,Saddar,Instagram,2,Birthday dinner here. Tables were dirtyand washroom was awful.,negative,cleanliness
ZB-01920,2026-08-05,Saddar,Instagram,3,Ordered on Friday night. Delivery was on time but packaging was basic.,neutral,delivery
ZB-01921,2026-08-05,Clifton,Foodpanda,3,"Birthday dinner here. Cleanliness was acceptable, could be better.",neutral,cleanliness
ZB-01922,2026-08-05,North Nazimabad,Facebook,3,"Ordered on Friday night. Food was okay, nothing special.",neutral,food
ZB-01923,2026-08-05,Clifton,Foodpanda,5,"Went with family. Order 25 minute mein pohanch gaya, great!",positive,delivery
ZB-01924,2026-08-06,Saddar,Foodpanda,1,"Found hair in the food, very unhygienic.",negative,cleanliness
ZB-01925,2026-08-06,DHA,Instagram,4,Second time here. Delivery was super fast and food arrived hot.,positive,delivery
ZB-01926,2026-08-06,Gulshan,Google,4,"The biryani was amazing, perfectly spiced 👍",positive,food
ZB-01927,2026-08-06,DHA,Instagram,4,"Ordered on Friday night. Manager personally checked on us, great service.",positive,service
ZB-01928,2026-08-06,Clifton,Foodpanda,4,Second time here. Delivery was super fast and food arrived hot!,positive,delivery
ZB-01929,2026-08-06,Saddar,Instagram,3,"Birthday dinner here. Food was okay, nothing special.",neutral,food
ZB-01930,2026-08-06,North Nazimabad,Foodpanda,5,Waiter ka behavior bohat acha tha.,positive,service
ZB-01931,2026-08-06,Gulshan,Foodpanda,5,Staff was very poite and helpful 👍,positive,service
ZB-01932,2026-08-07,Gulshan,Google,1,"Packaging was leaking, gravy everywhere.",negative,delivery
ZB-01933,2026-08-07,Saddar,Foodpanda,4,Staff was very polite and helpful!,positive,service
ZB-01934,2026-08-07,Gulshan,Google,1,"Ordered on Friday night. Packaging was leaking, gravy everywhere 😞",negative,delivery
ZB-01935,2026-08-07,Clifton,Foodpanda,5,"Went with family. The biryani was amazing, perfectly spiced.",positive,food
ZB-01936,2026-08-07,DHA,Facebook,5,Ordered on Friday night. Delivery was super fast and food arrived hot.,positive,delivery
ZB-01937,2026-08-07,Gulshan,Facebook,5,Waiter ka behavior bohat acha tha 👍,positive,service
ZB-01938,2026-08-07,North Nazimabad,Google,1,Ordered on Friday night. Waiter was rude and ignored us 😞,negative,service
ZB-01939,2026-08-07,Clifton,Instagram,3,Delivery was on time but packaging was basic.,neutral,delivery
ZB-01940,2026-08-07,Gulshan,Instagram,5,"Great value for money, big portions 👍",positive,price
ZB-01941,2026-08-07,Gulshan,Instagram,2,Delivery took over 90 minutes and food was cold!,negative,delivery
ZB-01942,2026-08-07,Saddar,Facebook,5,Second time here. Waiter ka behavior bohat acha tha.,positive,service
ZB-01943,2026-08-08,DHA,Google,5,"Manager personally checked on us, great service.",positive,service
ZB-01944,2026-08-08,Clifton,Facebook,4,Went with family. Beautiful decor and comfortable seating 👍,positive,ambiance
ZB-01945,2026-08-08,Gulshan,Google,1,"Visited for lunch. Staff behaviour was unprofessional, way too expensive for the portion size!",negative,service
ZB-01946,2026-08-08,DHA,Google,5,"Very clean restaurant, tables spotless.",positive,cleanliness
ZB-01947,2026-08-08,Gulshan,Instagram,1,"Birthday dinner here. Hidden charges added to the bill, very disappointing!",negative,price
ZB-01948,2026-08-08,DHA,Google,5,"Second time here. Beautiful decor and comfortable seating, packaging was neat and delivery on time.",positive,ambiance
ZB-01949,2026-08-08,Gulshan,Foodpanda,2,Delivery took over 90 minutes and food was cold!,negative,delivery
ZB-01950,2026-08-08,DHA,Facebook,1,Dost ke saath gaye thay. Waiter was rude and ignored us 😞,negative,service
ZB-01951,2026-08-08,North Nazimabad,Foodpanda,4,"Khana bohat tasty tha, dil khush ho gaya!",positive,food
ZB-01952,2026-08-08,Clifton,Instagram,5,"Second time here. Great rooftop view, very relaxing vibe.",positive,ambiance
ZB-01953,2026-08-08,Clifton,Google,5,"Prices bilkul reasonable hain, deal zabardast.",positive,price
ZB-01954,2026-08-08,Saddar,Instagram,5,"Birthday dinner here. Safai ka bohat khayal rakha gaya, washrooms clean.",positive,cleanliness
ZB-01955,2026-08-08,Clifton,Facebook,5,Birthday dinner here. Naan was soft and the gravy was rich 👍,positive,food
ZB-01956,2026-08-09,Clifton,Foodpanda,4,"Order 25 minute mein pohanch gaya, gret!",positive,delivery
ZB-01957,2026-08-09,Saddar,Facebook,3,Went with family. Waiters were fine but a bit busy.,neutral,service
ZB-01958,2026-08-09,DHA,Facebook,1,Ordered on Friday night. Rider late aya aur order adhoora tha.,negative,delivery
ZB-01959,2026-08-09,Clifton,Google,2,Second time here. Khana bilkul baasi lag raha tha.,negative,food
ZB-01960,2026-08-09,Gulshan,Foodpanda,5,"Dost ke saath gaye thay. The biryani was amazing, perfectly spiced.",positive,food
ZB-01961,2026-08-09,DHA,Facebook,5,"Khana bohat tasty tha, dil khush ho gaya 👍",positive,food
ZB-01962,2026-08-09,Clifton,Google,1,"Ordered on Friday night. Prices bohat zyada hain, paisa wasool nahi.",negative,price
ZB-01963,2026-08-09,Gulshan,Google,5,Waiter ka behavior bohat acha tha 👍,positive,service
ZB-01964,2026-08-09,Gulshan,Facebook,4,"Second time here. Karahi bohat zabardast thi, taste lajawab.",positive,food
ZB-01965,2026-08-10,Clifton,Instagram,4,"Order 25 minute mein pohanch gaya, great 👍",positive,delivery
ZB-01966,2026-08-10,DHA,Foodpanda,4,"Second time here. Great value for money, big portions.",positive,price
ZB-01967,2026-08-10,Clifton,Instagram,4,"Dost ke saath gaye thay. Quick service, they remembered our order perfectly 👍",positive,service
ZB-01968,2026-08-10,Gulshan,Foodpanda,1,"Second time here. Packaging was leaking, gravy everywhere.",negative,delivery
ZB-01969,2026-08-10,Clifton,Facebook,3,Birthday dinner here. Portion was decent but flvour was ordinary.,neutral,food
ZB-01970,2026-08-10,DHA,Facebook,3,"Ambiance was okay, simple setup.",neutral,ambiance
ZB-01971,2026-08-10,Gulshan,Facebook,3,"Second time here. Food was okay, nothing special.",neutral,food
ZB-01972,2026-08-10,Gulshan,Instagram,4,"Hygiene standards were great, staff wore gloves.",positive,cleanliness
ZB-01973,2026-08-10,North Nazimabad,Instagram,5,"Ordered on Friday night. Fresh and hot food, loved every bite.",positive,food
ZB-01974,2026-08-10,DHA,Facebook,2,Overpriced compared to other places in Karachi 😞,negative,price
ZB-01975,2026-08-11,Gulshan,Instagram,1,"Went with family. Chicken was undercooked, very disappointing, way too expensive for the portion size 😞",negative,food
ZB-01976,2026-08-11,Saddar,Foodpanda,1,Second time here. The food was cold and tasteless 😞,negative,food
ZB-01977,2026-08-11,Gulshan,Instagram,5,"Went with family. Krahi bohat zabardast thi, taste lajawab!",positive,food
ZB-01978,2026-08-11,Gulshan,Foodpanda,5,"Second time here. Safai ka bohat khayal rakha gaya, washrooms clean, waiter ka behavior bohat acha tha 👍",positive,cleanliness
ZB-01979,2026-08-11,Gulshan,Instagram,1,"Birthday dinner here. Packaging as leaking, gravy everywhere.",negative,delivery
ZB-01980,2026-08-12,DHA,Google,1,Visited for lunch. The food was cold and tasteless 😞,negative,food
ZB-01981,2026-08-12,Clifton,Google,5,"Went with family. Rider bohat polite tha, time pe aya order 👍",positive,delivery
ZB-01982,2026-08-12,Saddar,Facebook,4,"Karahi bohat zabardast thi, taste lajawab 👍",positive,food
ZB-01983,2026-08-12,DHA,Foodpanda,5,Visited for lunch. Staff was very polite and helpful!,positive,service
ZB-01984,2026-08-12,DHA,Instagram,4,Packaging was neat and delivery on time.,positive,delivery
ZB-01985,2026-08-12,Clifton,Google,5,"Worth every rupee, the family deal is excellent.",positive,price
ZB-01986,2026-08-12,Saddar,Facebook,2,"Ordered on Friday night. Found hair in the food, very unhygienic.",negative,cleanliness
ZB-01987,2026-08-12,Saddar,Foodpanda,3,"Delivery okay, food arrived lukewarm.",neutral,delivery
ZB-01988,2026-08-12,Saddar,Facebook,1,"Dost ke saath gaye thay. Great value for money, big portions, but found hair in the food, very unhygienic, biryani mein masala bohat kam tha, bekar taste!",negative,cleanliness
ZB-01989,2026-08-12,North Nazimabad,Facebook,4,"Second time here. Great rooftop view, very relaxing vibe.",positive,ambiance
ZB-01990,2026-08-12,Gulshan,Google,1,Staff behaviour was unprofessional.,negative,service
ZB-01991,2026-08-12,Gulshan,Facebook,5,"Ordered on Friday night. Fresh and hot food, loved every bite 👍",positive,food
ZB-01992,2026-08-12,DHA,Facebook,3,Portion was decent but flavour was ordinary.,neutral,food
ZB-01993,2026-08-12,North Nazimabad,Facebook,3,Ordered on Friday night. Prices are average for this area!,neutral,price
ZB-01994,2026-08-12,Saddar,Google,5,"Dost ke saath gaye thay. Karahi bohat zabardast thi, taste lajawab.",positive,food
ZB-01995,2026-08-12,North Nazimabad,Foodpanda,2,Ordered on Friday night. Waiter was rude and ignored us.,negative,service
ZB-01996,2026-08-12,Gulshan,Google,2,"Ordered on Friday night. Packaging was leaking, gravy everywhere!",negative,delivery
ZB-01997,2026-08-13,DHA,Google,5,"Second time here. Great value for money, big portions 👍",positive,price
ZB-01998,2026-08-13,Gulshan,Facebook,2,Birthday dinner here. Delivery took over 90 minutes and food was cold.,negative,delivery
ZB-01999,2026-08-13,DHA,Instagram,2,"Dost ke saath gaye thay. AC kharab tha, bohat garmi thi.",negative,ambiance
ZB-02000,2026-08-13,Clifton,Facebook,5,"Went with family. Lovely ambiance, perfect for family dinner.",positive,ambiance
ZB-02001,2026-08-13,Clifton,Foodpanda,4,"Birthday dinner here. Mahol bohat acha tha, music aur seating lajawab.",positive,ambiance
ZB-02002,2026-08-13,Gulshan,Instagram,5,"Birthday dinner here. The biryani was amazing, perfectly spiced!",positive,food
ZB-02003,2026-08-13,DHA,Foodpanda,5,Ordered on Friday night. Packaging was neat and delivery on tme!,positive,delivery
ZB-02004,2026-08-13,Gulshan,Google,3,"Birthday dinner here Staff theek tha, thora slow.",neutral,service
ZB-02005,2026-08-13,Saddar,Facebook,5,"Second time here. Manager personally checked on us, great service!",positive,service
ZB-02006,2026-08-13,North Nazimabad,Google,4,Visited for lunch. Delivery was super fast and food arrived hot.,positive,delivery
ZB-02007,2026-08-13,Gulshan,Google,5,"Safai ka bohat khayal rakha gaya, washrooms clean, quick service, they remembered our order perfectly!",positive,cleanliness
ZB-02008,2026-08-13,North Nazimabad,Instagram,5,"Second time here. Fresh and hot food, loved ever bite.",positive,food
ZB-02009,2026-08-13,DHA,Foodpanda,5,"Second time here. Very clean restaurant, tables spotless, beautiful decor and comfortable seating 👍",positive,cleanliness
ZB-02010,2026-08-13,DHA,Foodpanda,5,Went with family. Naan was soft and the gravy was rich.,positive,food
ZB-02011,2026-08-14,Clifton,Foodpanda,3,Portion was decent but flavour was ordinary.,neutral,food
ZB-02012,2026-08-14,North Nazimabad,Foodpanda,3,"Dost ke saath gaye thay. Service was average, not bad not great.",neutral,service
ZB-02013,2026-08-14,Gulshan,Instagram,5,"Went with family. Fresh and hot food, loved every bite 👍",positive,food
ZB-02014,2026-08-14,Saddar,Facebook,5,Ordered on Friday night. Packaging was neat and delivery on time 👍,positive,delivery
ZB-02015,2026-08-14,Clifton,Google,2,Second time here. Way too expensive for the portion size 😞,negative,price
ZB-02016,2026-08-15,Saddar,Instagram,5,"Visited for lunch. Great value for money, big portions, khana bohat tasty tha, dil khush ho gaya!",positive,price
ZB-02017,2026-08-15,North Nazimabad,Google,4,"Manager personally checked on us, great service.",positive,service
ZB-02018,2026-08-15,Clifton,Foodpanda,5,"Went with family. Delivery was super fast and food arrived hot, hygiene standards were great, staff wore gloves 👍",positive,delivery
ZB-02019,2026-08-15,DHA,Instagram,2,"Second time here. Found hair in the food, very unhgienic.",negative,cleanliness
ZB-02020,2026-08-15,North Nazimabad,Instagram,1,Wrong item delivered and no one picked my call.,negative,delivery
ZB-02021,2026-08-15,Gulshan,Foodpanda,5,"Dost ke saath gaye thay. Lovely ambiance, perfect for family dinner 👍",positive,ambiance
ZB-02022,2026-08-15,Clifton,Google,2,"Visite for lunch. Chicken was undercooked, very disappointing 😞",negative,food
ZB-02023,2026-08-15,Clifton,Google,5,"Dost ke saath gaye thay. Safai ka bohat khayal rakha gaya, washrooms clean.",positive,cleanliness
ZB-02024,2026-08-16,Clifton,Foodpanda,3,"Visited for lunch. Cleanliness was acceptable, could be better!",neutral,cleanliness
ZB-02025,2026-08-16,Clifton,Foodpanda,5,"Birthday dinner here. Fresh and hot food, loved every bite.",positive,food
ZB-02026,2026-08-16,DHA,Foodpanda,4,"Quick service, they remembered our order perfectly!",positive,service
ZB-02027,2026-08-16,North Nazimabad,Instagram,2,"Birthday dinner here. Hygiene standards were great, staff wore gloves, but delivery took over 90 minutes and food was cold.",negative,delivery
ZB-02028,2026-08-16,DHA,Foodpanda,5,"Went with family. Order 25 minute mein pohanch gaya, great.",positive,delivery
ZB-02029,2026-08-16,Saddar,Google,5,"Ordered on Friday night. Hygiene standars were great, staff wore gloves.",positive,cleanliness
ZB-02030,2026-08-16,Saddar,Foodpanda,4,"Rider bohat polite tha, time pe aya order 👍",positive,delivery
ZB-02031,2026-08-17,Clifton,Facebook,3,"Ordered on Friday night. Taste theek tha, bas average.",neutral,food
ZB-02032,2026-08-17,DHA,Instagram,3,Portion was decent butflavour was ordinary.,neutral,food
ZB-02033,2026-08-17,Gulshan,Foodpanda,3,"Went with family. Taste theek tha, bas average.",neutral,food
ZB-02034,2026-08-17,North Nazimabad,Google,2,"Packaging was leaking, gravy everywhere!",negative,delivery
ZB-02035,2026-08-17,Saddar,Instagram,1,Visited for lunch. Overpriced compared to other places in Karachi.,negative,price
ZB-02036,2026-08-17,North Nazimabad,Google,3,"Second time here. Staff theek tha, thora slow.",neutral,service
ZB-02037,2026-08-17,Gulshan,Facebook,5,"Manager personally checked on us, great service.",positive,service
ZB-02038,2026-08-18,North Nazimabad,Google,3,"Second time here. Rider theek tha, order thora late aya.",neutral,delivery
ZB-02039,2026-08-18,DHA,Facebook,4,"Went with family. Manager personally checked on us, great service.",positive,service
ZB-02040,2026-08-18,North Nazimabad,Facebook,5,"Dost ke saath gaye thay. Hygiene standards were great, staff wore gloves, delivery was super fast and food arrived hot.",positive,cleanliness
ZB-02041,2026-08-18,North Nazimabad,Google,4,"Visited for lunch. Great value for money, big portions!",positive,price
ZB-02042,2026-08-18,DHA,Foodpanda,4,Waiter ka behavior bohat acha tha 👍,positive,service
ZB-02043,2026-08-18,North Nazimabad,Foodpanda,4,"Second time here. Great rooftop view, very relaxing vibe.",positive,ambiance
ZB-02044,2026-08-18,Clifton,Instagram,2,"Dost ke saath gaye thay. Order 25 minute mein pohanch gaya, great, but way too expensive for the portion size.",negative,price
ZB-02045,2026-08-18,Clifton,Facebook,5,Dost ke saath gaye thay. Staff was very polite and helpful.,positive,service
ZB-02046,2026-08-18,Gulshan,Google,1,Khana bilkul baasi lag raha tha.,negative,food
ZB-02047,2026-08-18,Gulshan,Instagram,5,"Mahol bohat acha tha, music aur seatinglajawab!",positive,ambiance
ZB-02048,2026-08-18,Clifton,Foodpanda,5,"Dost ke saath gaye thay. Khana bohat tasty tha, dil khush ho gaya.",positive,food
ZB-02049,2026-08-19,Saddar,Google,4,"Dost ke saath gaye thay. Khana bohat tasty tha, dil khush ho gaya!",positive,food
ZB-02050,2026-08-19,Saddar,Instagram,1,"Ordered on Friday night. Found hair in the food, very unhygienic.",negative,cleanliness
ZB-02051,2026-08-19,Saddar,Foodpanda,5,"Went with family. The biryani was amazing, perfectly spiced!",positive,food
ZB-02052,2026-08-19,DHA,Google,1,"Prices bohat zyada hain, paisa wasool nahi!",negative,price
ZB-02053,2026-08-19,DHA,Instagram,5,"Second time here. Worth every rupee, the family deal is excellent!",positive,price
ZB-02054,2026-08-19,Saddar,Google,3,"Safai theek thi, kuch khaas nahi.",neutral,cleanliness
ZB-02055,2026-08-19,Clifton,Facebook,5,"Dost ke saath gaye thay. Karahi bohat zabardast thi, taste lajawab 👍",positive,food
ZB-02056,2026-08-19,Saddar,Google,5,Packaging was neat and delivery on time.,positive,delivery
ZB-02057,2026-08-19,North Nazimabad,Google,2,Second time here. Tables were dirty and washroom was awful 😞,negative,cleanliness
ZB-02058,2026-08-20,Clifton,Google,4,Visited for lunch. Packaging was neat and delivery on time.,positive,delivery
ZB-02059,2026-08-20,North Nazimabad,Facebook,3,"Visited for lunch. Cleanliness was acceptable, could be better, portion was decent but flavour was ordinary.",neutral,cleanliness
ZB-02060,2026-08-20,North Nazimabad,Facebook,1,"Found hair in th food, very unhygienic 😞",negative,cleanliness
ZB-02061,2026-08-20,Clifton,Google,5,"Visited for lunch. Khana bohat tasty tha, dil khush ho gaya.",positive,food
ZB-02062,2026-08-20,Clifton,Google,5,Went with family. Beautiful decor and comfortable seating 👍,positive,ambiance
ZB-02063,2026-08-20,North Nazimabad,Facebook,4,"Visited for lunch. Great rooftop view, very relaxing vibe, manager personally checked on us, great service 👍",positive,ambiance
ZB-02064,2026-08-20,North Nazimabad,Facebook,5,"Went with family. Very clean restaurant, tables spotless 👍",positive,cleanliness
ZB-02065,2026-08-20,Clifton,Google,4,"Birthday dinner here. Karahi bohat zabardast thi, taste lajawab!",positive,food
ZB-02066,2026-08-21,Gulshan,Foodpanda,4,"Birthday dinner here. Safai ka bohat khayal rakha gaya, washrooms clean, delivery was super fast and food arrived hot.",positive,cleanliness
ZB-02067,2026-08-21,Gulshan,Google,1,Dost ke saath gaye thay. The food was cold and tasteless.,negative,food
ZB-02068,2026-08-21,Gulshan,Facebook,1,"Packaging was leaking, gravy everywhere, staff behaviour was unprofessional!",negative,delivery
ZB-02069,2026-08-21,Clifton,Facebook,4,"Dost ke saath gaye thay. resh and hot food, loved every bite 👍",positive,food
ZB-02070,2026-08-22,Clifton,Google,4,"Khana bohat tasty tha, dil khush ho gaya 👍",positive,food
ZB-02071,2026-08-22,Gulshan,Instagram,1,"Orderedon Friday night. Order wapis cancel karna para, delivery bohat late thi!",negative,delivery
ZB-02072,2026-08-22,Gulshan,Instagram,5,"Went with family. Quick service, they remembered our order perfectly.",positive,service
ZB-02073,2026-08-22,Clifton,Foodpanda,3,Delivery was on time but packaging was basic.,neutral,delivery
ZB-02074,2026-08-22,North Nazimabad,Facebook,3,"Visited for lunch. Service was average, not bad not great.",neutral,service
ZB-02075,2026-08-22,Saddar,Foodpanda,5,"Khana bohat tasty tha, dil khush ho gaya.",positive,food
ZB-02076,2026-08-22,North Nazimabad,Instagram,5,"Second time here. Order 25 minute mein pohanch gaya, great, great value for money, big portions 👍",positive,delivery
ZB-02077,2026-08-22,DHA,Google,5,"Went with family. Rider bohat polite tha, time pe aya order.",positive,delivery
ZB-02078,2026-08-22,Saddar,Foodpanda,3,"Safai theek thi, kuch khaas nahi!",neutral,cleanliness
ZB-02079,2026-08-23,DHA,Google,3,"Dost ke saath gaye thay. Waiters were fine but a bit busy, place was fairly clean but washroom needs attention.",neutral,service
ZB-02080,2026-08-23,Gulshan,Facebook,3,"Second time here. Rider theek tha, order thora late aya.",neutral,delivery
ZB-02081,2026-08-23,DHA,Facebook,2,Went with family. Tables were dirty and washroom was awful.,negative,cleanliness
ZB-02082,2026-08-23,Gulshan,Google,1,Rider late aya aur order adhoora tha 😞,negative,delivery
ZB-02083,2026-08-23,Gulshan,Instagram,1,"Floor was sticky and the place smelled bad, hidden charges added to the bill, very disappointing!",negative,cleanliness
ZB-02084,2026-08-24,Gulshan,Instagram,4,"Visited for lunch. The biryani was amazing, perfectly spiced!",positive,food
ZB-02085,2026-08-24,DHA,Facebook,5,"Manager personally checked on us, great service.",positive,service
ZB-02086,2026-08-24,Gulshan,Facebook,4,"Birthday dinner here. Worth every rupee, the family deal is excellent.",positive,price
ZB-02087,2026-08-24,North Nazimabad,Google,1,Karahi was too oily and salty.,negative,food
ZB-02088,2026-08-24,North Nazimabad,Facebook,4,"Went with family. Khana bohat tasty tha, dil khush ho gaya!",positive,food
ZB-02089,2026-08-24,Saddar,Google,4,"Dost ke saath gaye thay. Order 25 minute mein pohanch gaya, great.",positive,delivery
ZB-02090,2026-08-25,Gulshan,Instagram,3,"Fair picing, nothing amazing.",neutral,price
ZB-02091,2026-08-25,Clifton,Foodpanda,4,Birthday dinner here. Beautiful decor and comfortable seating 👍,positive,ambiance
ZB-02092,2026-08-25,DHA,Instagram,1,Went with family. Karahi was too oily and salty 😞,negative,food
ZB-02093,2026-08-25,Clifton,Foodpanda,3,"Dost ke saath gaye thay. Staff theek tha, thora slow.",neutral,service
ZB-02094,2026-08-25,Gulshan,Foodpanda,2,"Second time here. Order wapis cancel karna para, delivery bohat late thi.",negative,delivery
ZB-02095,2026-08-25,Saddar,Google,5,"Ordered on Friday night. Worth every rupee, the family deal is excellent.",positive,price
ZB-02096,2026-08-25,North Nazimabad,Google,2,"Floor was sticky and the place smelled bad, prices bohat zyada hain, pais wasool nahi 😞",negative,cleanliness
ZB-02097,2026-08-26,DHA,Instagram,4,"Second time here. Great value for money, big portions.",positive,price
ZB-02098,2026-08-26,DHA,Instagram,1,"Birthday dinner here. Packaging was leaking, gravy everywhere.",negative,delivery
ZB-02099,2026-08-26,Gulshan,Foodpanda,3,"Birthday dinner here. Rider theek tha, order thora late aya.",neutral,delivery
ZB-02100,2026-08-26,Gulshan,Facebook,4,Staff was very polite and helpful!,positive,service
ZB-02101,2026-08-26,Clifton,Foodpanda,1,"Visited for lunch. Prices bohat zyada hain, paisa wasool nahi.",negative,price
ZB-02102,2026-08-26,Clifton,Foodpanda,5,"Dost ke saath gaye thay. Manager personally checked on us, great service.",positive,service
ZB-02103,2026-08-27,DHA,Google,5,Went with family. Beautiful decor and comfortable seating!,positive,ambiance
ZB-02104,2026-08-27,Saddar,Foodpanda,3,Visited for lunch. Portion was decent but flavour was ordinary.,neutral,food
ZB-02105,2026-08-27,Clifton,Google,1,Dost ke saath gaye thay. Tables were dirty and washroom was awful.,negative,cleanliness
ZB-02106,2026-08-27,Clifton,Foodpanda,5,Ordered on Friday night. Staff was very polite and helpful 👍,positive,service
ZB-02107,2026-08-27,DHA,Foodpanda,3,"Taste theek th, bas average.",neutral,food
ZB-02108,2026-08-27,Saddar,Google,5,Visited for lunch. Naan was soft and the gravy was rich.,positive,food
ZB-02109,2026-08-27,Saddar,Google,5,"Dost ke saath gaye thay. Mahol bohat acha tha, music aur seating lajawab!",positive,ambiance
ZB-02110,2026-08-27,DHA,Facebook,1,"Service bohat slow thi, 45 minute wait kiya!",negative,service
ZB-02111,2026-08-27,Gulshan,Google,3,"Birthday dinner here. Rider theek tha, order thora late aya.",neutral,delivery
ZB-02112,2026-08-28,Saddar,Instagram,5,Visited for lunch. Karahi bohat zabardast thi taste lajawab!,positive,food
ZB-02113,2026-08-28,Clifton,Google,4,"Birthday dinner here. Order 25 minute mein pohanch gaya, great!",positive,delivery
ZB-02114,2026-08-28,North Nazimabad,Facebook,3,"Visited for lunch. Rider theek tha, order thora lateaya!",neutral,delivery
ZB-02115,2026-08-28,Clifton,Google,3,"Ordered on Friday night. Ambiance was okay, simple setup!",neutral,ambiance
ZB-02116,2026-08-28,Gulshan,Foodpanda,5,"Hygiene standards were great, staff wore gloves!",positive,cleanliness
ZB-02117,2026-08-29,Clifton,Google,5,"Ordered on Friday night. Khana bohat tasty tha, dil khush ho gaya.",positive,food
ZB-02118,2026-08-29,North Nazimabad,Google,5,"Quick service, they remembered our order perfectly!",positive,service
ZB-02119,2026-08-29,Clifton,Facebook,3,"Birthday dinner here. Taste theek tha, bas average, service was average, not bad not great.",neutral,food
ZB-02120,2026-08-29,North Nazimabad,Foodpanda,1,Birthday dinner here. Tables were dirty and washroom was awful 😞,negative,cleanliness
ZB-02121,2026-08-29,Gulshan,Facebook,4,"Karahi bohat zabardast thi, taste lajawab!",positive,food
ZB-02122,2026-08-29,Gulshan,Facebook,5,"Went with family. Prices bilkul reasonable hain, deal zabardast, order 25 minute mein pohanch gaya, great!",positive,price
ZB-02123,2026-08-29,Clifton,Instagram,1,"Hidden charges added to the bill, very disappointing!",negative,price
ZB-02124,2026-08-29,DHA,Facebook,1,Dost ke saath gaye thay. Khana bilkul baasi lag raha tha.,negative,food
ZB-02125,2026-08-29,North Nazimabad,Facebook,4,"Visited for lunch. Naan was soft and the gravy was rich, delivery was super fast and food arrived hot!",positive,food
ZB-02126,2026-08-29,Clifton,Facebook,5,"Birthday dinner here. Rider bohat polite tha, time pe aya order.",positive,delivery
ZB-02127,2026-08-29,Saddar,Foodpanda,5,"Second time here. Manager personally checked on us, great service 👍",positive,service
ZB-02128,2026-08-30,Clifton,Google,5,"Birthday dinner here. Karahi bohat zabardast thi, taste lajawab.",positive,food
ZB-02129,2026-08-30,Saddar,Instagram,5,Staff was very polite and helpful 👍,positive,service
ZB-02130,2026-08-30,North Nazimabad,Instagram,4,Dost ke saath gaye thay. Waiter ka behavior bohat acha tha!,positive,service
ZB-02131,2026-08-30,DHA,Instagram,1,"Went with family. Khana bohat tasty tha, dil khush ho gaya, but tables were dirty and washroom was awful 😞",negative,cleanliness
ZB-02132,2026-08-30,Saddar,Google,5,"Fresh and hot food, loved every bite.",positive,food
ZB-02133,2026-08-30,Gulshan,Google,2,Second time here. Rider late aya aur order adhoora tha!,negative,delivery
ZB-02134,2026-08-30,North Nazimabad,Google,4,"Birthday dinner here. Order 25 minute mein pohanch gaya, great.",positive,delivery
ZB-02135,2026-08-30,Clifton,Google,3,"Ambiance was okay, simple setup, fair pricing, nothing amazing!",neutral,ambiance
ZB-02136,2026-08-30,Clifton,Google,2,Waiter was rude and ignored us.,negative,service
ZB-02137,2026-08-31,North Nazimabad,Instagram,4,"Dost ke saath gaye thay. Hygiene standards were great, staff wore gloves.",positive,cleanliness
ZB-02138,2026-08-31,Clifton,Instagram,4,"Visited for lunch. Rider bohat polite tha, time pe aya order, prices bilkul reasonable hain, deal zaardast.",positive,delivery
ZB-02139,2026-08-31,North Nazimabad,Google,5,"The biryani was amazing, perfectly spiced 👍",positive,food
ZB-02140,2026-08-31,DHA,Facebook,5,"Karahi bohat zabardast thi, taste lajawab!",positive,food
ZB-02141,2026-08-31,Clifton,Facebook,5,"The biryani was amazing, perfectly spiced.",positive,food
ZB-02142,2026-08-31,North Nazimabad,Instagram,4,Staff was very polite and helpful!,positive,service
ZB-02143,2026-08-31,North Nazimabad,Facebook,5,"Visited for lunch. Rider bohat polite tha, time pe aya order 👍",positive,delivery
ZB-02144,2026-08-31,Clifton,Facebook,4,"Prices bilkul reasonable hain, deal zabardast 👍",positive,price
ZB-02145,2026-08-31,Gulshan,Instagram,1,Ordered on Friday night. Delivery took over 90 minutes and food was cold.,negative,delivery
ZB-02146,2026-08-31,Saddar,Instagram,1,"Chicken was undercooked, very disappointing.",negative,food
ZB-02147,2026-09-01,Clifton,Facebook,4,Dost ke saath gaye thay. Naan was soft and the gravy was rich 👍,positive,food
ZB-02148,2026-09-01,Saddar,Foodpanda,4,"Birthday dinner here. Fresh and hot food, loved every bite.",positive,food
ZB-02149,2026-09-01,DHA,Facebook,3,Rates thore zyada hain but acceptable.,neutral,price
ZB-02150,2026-09-01,DHA,Facebook,5,Visited for lunch. Staff was very polite and helpful.,positive,service
ZB-02151,2026-09-01,DHA,Foodpanda,5,Second time here. Naan was soft and the gravy was rich.,positive,food
ZB-02152,2026-09-01,Saddar,Foodpanda,3,"Jagah theek thi, normal environment.",neutral,ambiance
ZB-02153,2026-09-01,Gulshan,Instagram,5,"Dost ke saath gaye thay. Fresh and hot food, loved every bite.",positive,food
ZB-02154,2026-09-02,Clifton,Facebook,5,"Very clean restaurant, tables spotless.",positive,cleanliness
ZB-02155,2026-09-02,Gulshan,Facebook,1,"Dost ke saath gaye thay. AC kharab tha, bohat garmi thi, chicken was undercooked, very disappointing 😞",negative,ambiance
ZB-02156,2026-09-02,Saddar,Facebook,5,"Dost ke saath gaye thay. Great rooftop view, very relaxing vibe.",positive,ambiance
ZB-02157,2026-09-02,Clifton,Google,4,"Dost ke saath gaye thay. Lovely ambiance, perfect for family dinner.",positive,ambiance
ZB-02158,2026-09-02,DHA,Foodpanda,5,"Birthday dinner here. Manager personally checked on us, great service.",positive,service
ZB-02159,2026-09-02,Gulshan,Facebook,1,Wrong item delivered and no one picked my call 😞,negative,delivery
ZB-02160,2026-09-02,Clifton,Instagram,4,Second time here. Waiter ka behavior bohat acha tha.,positive,service
ZB-02161,2026-09-02,Clifton,Foodpanda,4,"Birthday dinner here. Very clean restaurant, tables spotless!",positive,cleanliness
ZB-02162,2026-09-02,DHA,Facebook,4,"Manager personally checked on us, great service 👍",positive,service
ZB-02163,2026-09-02,North Nazimabad,Foodpanda,4,Staff was very polite and helpful!,positive,service
ZB-02164,2026-09-02,North Nazimabad,Google,5,"Ordered on Friday night. Prices bilkul reasonable hain, eal zabardast.",positive,price
ZB-02165,2026-09-03,Saddar,Foodpanda,5,"Visited for lunch. Karahi bohat zabardast thi, taste lajawab!",positive,food
ZB-02166,2026-09-03,DHA,Foodpanda,2,Ordered on Friday night. The food was cold and tasteless!,negative,food
ZB-02167,2026-09-03,Clifton,Instagram,4,"Went with family. Safai ka bohat khayal rakha gaya, washrooms clean 👍",positive,cleanliness
ZB-02168,2026-09-03,Gulshan,Instagram,1,Birthday dinner here. Wrong item delivered and no one picked my call.,negative,delivery
ZB-02169,2026-09-03,Clifton,Foodpanda,3,"Cleanliness was acceptable, could be better.",neutral,cleanliness
ZB-02170,2026-09-03,Gulshan,Google,4,"Ordere on Friday night. Khana bohat tasty tha, dil khush ho gaya.",positive,food
ZB-02171,2026-09-03,North Nazimabad,Instagram,5,"Dost ke saath gaye thay. Order 25 minute mein pohanch gaya, great.",positive,delivery
ZB-02172,2026-09-03,North Nazimabad,Facebook,3,"Ordered on Friday night. Taste theek tha, bas average.",neutral,food
ZB-02173,2026-09-03,Clifton,Facebook,2,"Went with family. Safai bohat kharab thi, makhiyan thin!",negative,cleanliness
ZB-02174,2026-09-04,Clifton,Foodpanda,4,"Manager personally checked on us, great service 👍",positive,service
ZB-02175,2026-09-04,Saddar,Instagram,5,Birthday dinner here. Staff was very polite and helpful!,positive,service
ZB-02176,2026-09-04,Saddar,Google,5,Dost ke saath gaye thay. Beautiful decor and comfortable seating 👍,positive,ambiance
ZB-02177,2026-09-04,Clifton,Facebook,4,"Visited for lunch. Mahol bohat acha tha, music aur seating lajawab.",positive,ambiance
ZB-02178,2026-09-04,Saddar,Facebook,5,Waiter ka behavior bohat acha tha 👍,positive,service
ZB-02179,2026-09-04,Clifton,Facebook,5,Dost ke saath gaye thay. Delivery was super fast and food arrived hot 👍,positive,delivery
ZB-02180,2026-09-04,Gulshan,Instagram,5,Birthday dinner here. Waiter ka behavior ohat acha tha.,positive,service
ZB-02181,2026-09-04,DHA,Foodpanda,5,"Visited for lunch. Order 25 minute mein pohanch gaya, great!",positive,delivery
ZB-02182,2026-09-04,North Nazimabad,Facebook,1,Second time here. Khana bilkul baasi lag raha tha.,negative,food
ZB-02183,2026-09-04,Clifton,Instagram,5,Second time here. Staff was very polite and helpful.,positive,service
ZB-02184,2026-09-04,DHA,Google,4,Delivery was super fast and food arrived hot.,positive,delivery
ZB-02185,2026-09-04,North Nazimabad,Facebook,3,"Taste theek tha, bas average.",neutral,food
ZB-02186,2026-09-04,DHA,Foodpanda,5,Packaging was neat and delivery on time.,positive,delivery
ZB-02187,2026-09-04,DHA,Foodpanda,2,"Biryani mein masala bohat kam tha, bekar taste!",negative,food
ZB-02188,2026-09-05,Clifton,Foodpanda,5,Beautiful decor and comfortable seating.,positive,ambiance
ZB-02189,2026-09-05,Clifton,Foodpanda,5,"Birthday dinner here. Order 25 minute mein pohanch gaya, great.",positive,delivery
ZB-02190,2026-09-05,North Nazimabad,Foodpanda,4,Birthday dinner here. Packaging was neat and delivery on time.,positive,delivery
ZB-02191,2026-09-06,Clifton,Facebook,3,"Taste theek tha, bas aerage.",neutral,food
ZB-02192,2026-09-06,Clifton,Foodpanda,5,"Second time here. Order 25 minute mein pohanch gaya, great!",positive,delivery
ZB-02193,2026-09-06,North Nazimabad,Facebook,2,"Birthday dinner here. Hidden charges added to the bill, very disappointing, wrong item delivered and no one picked my call.",negative,price
ZB-02194,2026-09-06,Clifton,Foodpanda,5,"Dost ke saath gaye thay. Fresh and hot food, loved every bite.",positive,food
ZB-02195,2026-09-06,Clifton,Facebook,4,Went with family.Naan was soft and the gravy was rich 👍,positive,food
ZB-02196,2026-09-06,Saddar,Facebook,3,"Went with famiy. Place was fairly clean but washroom needs attention, staff theek tha, thora slow.",neutral,cleanliness
ZB-02197,2026-09-06,North Nazimabad,Foodpanda,5,"Went with family. Khana bohat tasty tha, dil khush ho gaya 👍",positive,food
ZB-02198,2026-09-06,North Nazimabad,Google,1,Second time here. Parking was a nightmare and place felt cramped 😞,negative,ambiance
ZB-02199,2026-09-06,North Nazimabad,Instagram,5,"Dost ke saath gaye thay. Quick service, they remembered our order perfectly.",positive,service
ZB-02200,2026-09-06,Clifton,Facebook,5,"Visited for lunch. Karahi bohat zabardast thi, taste lajawab, beautiful decor and comfortable seating.",positive,food
ZB-02201,2026-09-06,Saddar,Facebook,5,"Waiter ka behavior bohat acha tha, prices bilkul reasonable hain, deal zabardast 👍",positive,service
ZB-02202,2026-09-06,Gulshan,Facebook,1,"Packaging was leaking, gravy everywhere 😞",negative,delivery
ZB-02203,2026-09-06,DHA,Instagram,4,"Second time here. Fresh and hot food, loved every bite 👍",positive,food
ZB-02204,2026-09-07,Clifton,Facebook,3,Birthday dinner here. Delivery was on time but packaging was basic.,neutral,delivery
ZB-02205,2026-09-07,North Nazimabad,Google,4,Went with family. Beautiful decor and comfortable seating 👍,positive,ambiance
ZB-02206,2026-09-07,Gulshan,Google,5,"Second time here. Manager personally checked on us, great service.",positive,service
ZB-02207,2026-09-07,DHA,Google,5,Visited for lunch. Packaging was neat and delivery on time 👍,positive,delivery
ZB-02208,2026-09-07,North Nazimabad,Facebook,2,"Second time here. Too noisy and crowded, couldn't even talk.",negative,ambiance
ZB-02209,2026-09-07,Saddar,Facebook,4,Dost ke saath gaye thay. Waiter ka behavior bohat acha tha.,positive,service
ZB-02210,2026-09-07,North Nazimabad,Instagram,5,"Birthday dinner here. Rider bohat polite tha, time pe aya order 👍",positive,delivery
ZB-02211,2026-09-07,Clifton,Google,4,Visited for lunch. Delivery was super fast and food arrived hot.,positive,delivery
ZB-02212,2026-09-07,Clifton,Facebook,4,"Fresh and hot food, loved every bite.",positive,food
ZB-02213,2026-09-07,Clifton,Facebook,5,Birthday dinner here. Waiter ka behavior bohat acha tha.,positive,service
ZB-02214,2026-09-07,Gulshan,Foodpanda,5,"Went with family. Safai ka bohat khayal rakha gaya, washrooms clean 👍",positive,cleanliness
ZB-02215,2026-09-08,North Nazimabad,Instagram,1,Dost ke saath gaye thay. Way too expensive for the portion size!,negative,price
ZB-02216,2026-09-08,Gulshan,Instagram,1,Second time here. Wrong item delivered and no one picked my call 😞,negative,delivery
ZB-02217,2026-09-08,Gulshan,Facebook,1,"Went with family. Packaging was leaking, gravy everywhere.",negative,delivery
ZB-02218,2026-09-08,North Nazimabad,Instagram,1,Birthday dinner here. Waiter was rude and ignored us.,negative,service
ZB-02219,2026-09-08,Saddar,Google,5,Birthday dinner here. Delivery was super fast and food arrived hot!,positive,delivery
ZB-02220,2026-09-08,North Nazimabad,Facebook,5,"Ordered on Friday night. The biryani was amazing, perfectly spiced.",positive,food
ZB-02221,2026-09-09,DHA,Instagram,3,"Dost ke saath gaye thay. Decent place but nothing memorable, fair pricing, nothing amazing.",neutral,ambiance
ZB-02222,2026-09-09,Saddar,Foodpanda,5,Went with family. Waiter ka behavior bohat acha tha.,positive,service
ZB-02223,2026-09-09,Saddar,Facebook,4,"Birthday dinner here. Karahi bohat zabardast thi, taste lajawab, order 25 minute mein pohanch gaya, great 👍",positive,food
ZB-02224,2026-09-09,Saddar,Instagram,5,Went withfamily. Staff was very polite and helpful.,positive,service
ZB-02225,2026-09-09,Clifton,Google,3,Decent place but nothing memorable!,neutral,ambiance
ZB-02226,2026-09-09,Gulshan,Instagram,2,"Visited for lunch. Packagin was leaking, gravy everywhere!",negative,delivery
ZB-02227,2026-09-09,Clifton,Foodpanda,3,"Dost ke saath gaye thay. Taste theek tha, bas average.",neutral,food
ZB-02228,2026-09-09,Saddar,Google,5,"Visited for lunch. Manager personally checked on us, great service!",positive,service
ZB-02229,2026-09-09,DHA,Google,5,"Quick service, they remembered our order perfectly!",positive,service
ZB-02230,2026-09-10,Gulshan,Facebook,5,"Lovely ambiance, perfect for family dinner, quick service, they remembered our order perfectly!",positive,ambiance
ZB-02231,2026-09-10,Gulshan,Foodpanda,1,"Order wapis cancel karna para, delivery bohat late thi 😞",negative,delivery
ZB-02232,2026-09-10,North Nazimabad,Google,5,"Ordered on Friday night. Pices bilkul reasonable hain, deal zabardast.",positive,price
ZB-02233,2026-09-10,Clifton,Facebook,5,"Ordered on Friday night. Khana bohat tasty tha, dil khush ho gaya.",positive,food
ZB-02234,2026-09-10,Gulshan,Foodpanda,3,Ordered on Friday night. Delivery was on time but packaging was basic.,neutral,delivery
ZB-02235,2026-09-11,DHA,Instagram,5,"Fresh and hot food, loved every bite!",positive,food
ZB-02236,2026-09-11,Saddar,Instagram,5,"Khana bohat tasy tha, dil khush ho gaya.",positive,food
ZB-02237,2026-09-11,DHA,Google,3,"Second time here. Jagah theek thi, normal environment.",neutral,ambiance
ZB-02238,2026-09-11,Saddar,Instagram,4,"Order 25 minute mein pohanch gaya, great.",positive,delivery
ZB-02239,2026-09-11,North Nazimabad,Instagram,5,Birthday dinner here. Delivery was super fast and fod arrived hot!,positive,delivery
ZB-02240,2026-09-11,DHA,Facebook,5,"Visited for lunch. Order 25 minute mein pohanch gaya, great.",positive,delivery
ZB-02241,2026-09-11,Clifton,Facebook,1,Floor was sticky and the place smelled bad.,negative,cleanliness
ZB-02242,2026-09-11,Clifton,Foodpanda,1,"Dost ke saath gaye thay. Found hair in the food, very uhygienic!",negative,cleanliness
ZB-02243,2026-09-12,Gulshan,Google,5,"Birthday dinner here. Naan was soft and the gravy was rich, hygiene standards were great, staff wore gloves!",positive,food
ZB-02244,2026-09-12,Gulshan,Instagram,4,"Birthday dinner here. Fresh and hot food, loved every bite!",positive,food
ZB-02245,2026-09-12,DHA,Foodpanda,1,Ordered on Friday night. The food was cold and tasteless 😞,negative,food
ZB-02246,2026-09-12,Gulshan,Foodpanda,1,"Second time here. They got our order wron twice, no apology.",negative,service
ZB-02247,2026-09-12,Clifton,Foodpanda,5,"Second time here. Quick service, they remembered our order perfectly.",positive,service
ZB-02248,2026-09-12,North Nazimabad,Google,5,Second time here. Packaging was neat and delivey on time.,positive,delivery
ZB-02249,2026-09-12,Saddar,Google,3,Waitrs were fine but a bit busy.,neutral,service
ZB-02250,2026-09-12,Saddar,Google,4,"Fresh and hot food, loved every bite!",positive,food
ZB-02251,2026-09-12,Saddar,Facebook,3,"Service was average, not bad not great.",neutral,service
ZB-02252,2026-09-12,Saddar,Google,4,Staff was very polite and helpful 👍,positive,service
ZB-02253,2026-09-12,Clifton,Instagram,2,Birthday dinner here. Tables were dirty and washroom was awful.,negative,cleanliness
ZB-02254,2026-09-13,Clifton,Instagram,1,Ordered on Friday night. Khana bilkul baasi lag raha tha.,negative,food
ZB-02255,2026-09-13,Saddar,Instagram,5,Went with family. Staff was very polite and helpful.,positive,service
ZB-02256,2026-09-13,North Nazimabad,Facebook,5,Second time here. Delivery was super fast and food arrived hot!,positive,delivery
ZB-02257,2026-09-13,DHA,Google,1,Visited for lunch. Wrong item delivered and no one picked my call!,negative,delivery
ZB-02258,2026-09-13,DHA,Google,5,"Went with family. Karahi bohat zabardast thi, taste lajawab.",positive,food
ZB-02259,2026-09-13,Saddar,Google,4,Staff was very polite and helpful.,positive,service
ZB-02260,2026-09-13,North Nazimabad,Google,1,"Birthday dinner here. Order wapis cancel karna para, delivery bohat late thi.",negative,delivery
ZB-02261,2026-09-13,DHA,Instagram,5,"Worth every rupee, the family deal is excellent.",positive,price
ZB-02262,2026-09-13,Gulshan,Facebook,4,"Khana bohat tasty tha, dil khush ho gaya.",positive,food
ZB-02263,2026-09-14,DHA,Facebook,4,"Second time here. Hygiene standards were great, staff wore gloves!",positive,cleanliness
ZB-02264,2026-09-14,DHA,Instagram,5,"Dost ke saath gaye thay. Manager personally checked on us, great service, hygiene standards were great, staff wore gloves 👍",positive,service
ZB-02265,2026-09-15,Gulshan,Foodpanda,5,Staff was very polite and helpful!,positive,service
ZB-02266,2026-09-15,Gulshan,Foodpanda,1,"Packaging was leaking, gravy everywhere 😞",negative,delivery
ZB-02267,2026-09-15,DHA,Instagram,5,Dost ke saath gaye thay. Waiter ka behavior bohat acha tha 👍,positive,service
ZB-02268,2026-09-15,DHA,Foodpanda,5,"The biryani was amazing, perfectly spiced 👍",positive,food
ZB-02269,2026-09-15,Clifton,Instagram,5,"Ordered on Friday night. Very clean restaurant, tables spotless, packaging was neat and delivery on time!",positive,cleanliness
ZB-02270,2026-09-15,Clifton,Google,2,Visited for lunch. Waiter was rude and ignored us!,negative,service
ZB-02271,2026-09-15,Saddar,Instagram,5,"Ordered on Friday night. Delivery was super fast and food arrived hot, khana bohat tasty ha, dil khush ho gaya 👍",positive,delivery
ZB-02272,2026-09-15,DHA,Foodpanda,5,"Dost ke saath gaye thay. Quick service, they remembered our order perfectly.",positive,service
ZB-02273,2026-09-15,North Nazimabad,Google,1,Birthday dinner here. Staff behaviour was unprofessional.,negative,service
ZB-02274,2026-09-15,Clifton,Foodpanda,5,"Second time here. Khana bohat tasty tha, dil khush ho gaya 👍",positive,food
ZB-02275,2026-09-15,North Nazimabad,Instagram,5,Beautiful decor and comfortable seating.,positive,ambiance
ZB-02276,2026-09-16,North Nazimabad,Foodpanda,5,Ordered on Friday night. Waiter ka behavior bohat acha tha.,positive,service
ZB-02277,2026-09-16,DHA,Google,2,Went with family. Staff behaviour was unprofessional 😞,negative,service
ZB-02278,2026-09-16,Gulshan,Instagram,1,"Packaging was leaking, gravy everywhere.",negative,delivery
ZB-02279,2026-09-16,DHA,Foodpanda,1,Dost ke saath gaye thay. Delivery took over 90 minutes and food was cold.,negative,delivery
ZB-02280,2026-09-16,DHA,Foodpanda,5,"Fresh and hot food, loved every bite.",positive,food
ZB-02281,2026-09-16,Saddar,Foodpanda,5,Waiter ka behavior bohat acha tha!,positive,service
ZB-02282,2026-09-16,Gulshan,Facebook,5,Naan was soft and the gravy was rich!,positive,food
ZB-02283,2026-09-16,North Nazimabad,Google,5,Went with family. Staff was very polite and helpful.,positive,service
ZB-02284,2026-09-17,Clifton,Foodpanda,3,"Visited for lunch. Deivery okay, food arrived lukewarm.",neutral,delivery
ZB-02285,2026-09-17,Gulshan,Foodpanda,3,"Delivery okay, food arrived lukewarm.",neutral,delivery
ZB-02286,2026-09-17,Clifton,Facebook,1,"Birthday dinner here. Very clean restaurant, tables spotless, but rider late aya aur order adhoora tha!",negative,delivery
ZB-02287,2026-09-17,North Nazimabad,Google,5,Waiter ka behavior bohat acha tha.,positive,service
ZB-02288,2026-09-17,Gulshan,Google,2,"Order wapis cancel karna para, delivery bohat late thi!",negative,delivery
ZB-02289,2026-09-17,Clifton,Instagram,4,"Visited for lunch. Fresh and hot food, loved every bite.",positive,food
ZB-02290,2026-09-17,North Nazimabad,Google,3,"Wen with family. Food was okay, nothing special!",neutral,food
ZB-02291,2026-09-17,Saddar,Instagram,1,"Found hair in the food, very unhygienic.",negative,cleanliness
ZB-02292,2026-09-17,North Nazimabad,Facebook,4,"Quick service, they remembered our order perfectly, hygiene standards were great, staff wore gloves.",positive,service
ZB-02293,2026-09-17,North Nazimabad,Facebook,2,"Second time here. Hidden charge added to the bill, very disappointing.",negative,price
ZB-02294,2026-09-17,North Nazimabad,Facebook,5,"Second time here. Great roofto view, very relaxing vibe!",positive,ambiance
ZB-02295,2026-09-17,Saddar,Facebook,5,"Visited for lunch. Karahi bohat zabardast thi, tste lajawab.",positive,food
ZB-02296,2026-09-18,Clifton,Foodpanda,4,"The biryani was amazing, perfectly spiced!",positive,food
ZB-02297,2026-09-18,DHA,Facebook,3,"Ordered on Friday night. Safai theek thi, kuch khaas nahi.",neutral,cleanliness
ZB-02298,2026-09-18,Saddar,Google,3,Second time here. Portion was decent but flavour was ordinary.,neutral,food
ZB-02299,2026-09-18,Saddar,Instagram,4,Visited for lunch. Delivery was super fast and food arrived hot 👍,positive,delivery
ZB-02300,2026-09-18,North Nazimabad,Foodpanda,4,"Ordered on Friday nght. Fresh and hot food, loved every bite.",positive,food
ZB-02301,2026-09-18,North Nazimabad,Foodpanda,3,"Visited for lunch. Ambiance was okay, simple setup.",neutral,ambiance
ZB-02302,2026-09-18,Saddar,Instagram,5,"Worth every rupee, the famil deal is excellent.",positive,price
ZB-02303,2026-09-18,Gulshan,Google,4,"Second time here. The biryani was amazing, perfectly spiced!",positive,food
ZB-02304,2026-09-18,North Nazimabad,Foodpanda,4,"Order 25 minute mein pohanch gaya, great.",positive,delivery
ZB-02305,2026-09-18,Clifton,Google,4,Second time here. Beautiful decor and comfortable seating.,positive,ambiance
ZB-02306,2026-09-18,Saddar,Google,3,"Visited for lunch. Delivey okay, food arrived lukewarm.",neutral,delivery
ZB-02307,2026-09-18,DHA,Foodpanda,4,"Dost ke saath gayethay. Great value for money, big portions!",positive,price
ZB-02308,2026-09-18,Gulshan,Google,3,Second time here. Portion was decent but flavour was ordinary!,neutral,food
ZB-02309,2026-09-18,DHA,Instagram,2,Second time here. Tables were dirty and washroom was awful!,negative,cleanliness
ZB-02310,2026-09-18,Clifton,Instagram,1,Karahi was too oily and salty.,negative,food
ZB-02311,2026-09-19,Saddar,Instagram,4,"Rider bohat polite tha, time pe aya order.",positive,delivery
ZB-02312,2026-09-19,Gulshan,Google,2,"Dost ke saath gaye thay. Chicken was undercooked, very disappointing!",negative,food
ZB-02313,2026-09-19,DHA,Instagram,2,"Ordered on Friday night. Prices bohat zyada hain, paisa wasool nahi.",negative,price
ZB-02314,2026-09-19,North Nazimabad,Facebook,4,"Went with family. Order 25 minute mein ohanch gaya, great.",positive,delivery
ZB-02315,2026-09-19,Clifton,Facebook,5,"Mahol bohat acha tha, music aur seating lajawab.",positive,ambiance
ZB-02316,2026-09-20,DHA,Facebook,3,"Birthday dinner here. Taste theek tha, bas average.",neutral,food
ZB-02317,2026-09-20,DHA,Google,5,Birthday dinner here. Packaging was neat and delivery on time!,positive,delivery
ZB-02318,2026-09-20,Clifton,Google,1,Staff behaviour was unprofessional 😞,negative,service
ZB-02319,2026-09-20,North Nazimabad,Facebook,3,Went with family. Delivery was on time but packaging was basic.,neutral,delivery
ZB-02320,2026-09-20,Clifton,Google,4,"Went with family Mahol bohat acha tha, music aur seating lajawab.",positive,ambiance
ZB-02321,2026-09-20,Clifton,Google,4,"Visited for lunch. Great rooftop view, very relaxing vibe, manager personally checked on us, great service.",positive,ambiance
ZB-02322,2026-09-20,North Nazimabad,Google,2,"Second time here. Packaging was neat and delivery on time, but seating was uncomfortable and lighting too harsh.",negative,ambiance
ZB-02323,2026-09-20,DHA,Foodpanda,1,Ordered on Friday night. Way too expensive for the portion size 😞,negative,price
ZB-02324,2026-09-20,DHA,Facebook,1,"Chicken was undercooked, very disappointing.",negative,food
ZB-02325,2026-09-21,Saddar,Google,2,"Birthday dinner here. Order wapis cancel karna para, delivery bohat late thi 😞",negative,delivery
ZB-02326,2026-09-21,North Nazimabad,Instagram,1,Birthday dinner here. Rider late aya aur order adhoora tha!,negative,delivery
ZB-02327,2026-09-21,Saddar,Google,4,"Safai ka bohat hayal rakha gaya, washrooms clean 👍",positive,cleanliness
ZB-02328,2026-09-21,DHA,Google,5,Naan was soft and the gravy was rich!,positive,food
ZB-02329,2026-09-21,Saddar,Foodpanda,5,"Khana bohat tasty tha, dil khush ho gaya!",positive,food
ZB-02330,2026-09-21,DHA,Instagram,5,"Ordered on Friday night. Rider bohat polite tha, time pe aya order.",positive,delivery
ZB-02331,2026-09-21,Saddar,Instagram,4,Delivery was super fast and food arrived hot.,positive,delivery
ZB-02332,2026-09-21,North Nazimabad,Facebook,4,Dost ke saath gaye thay. Packaging was neat and delivery on time!,positive,delivery
ZB-02333,2026-09-21,North Nazimabad,Google,4,"Ordered on Friday ight. Lovely ambiance, perfect for family dinner!",positive,ambiance
ZB-02334,2026-09-21,DHA,Facebook,1,"Visited for lunch. Service bohat slow thi, 45 minue wait kiya!",negative,service
ZB-02335,2026-09-22,Gulshan,Foodpanda,1,"Great value for money, big portions, but rider late aya aur order adhoora tha.",negative,delivery
ZB-02336,2026-09-22,Saddar,Facebook,5,"Visited for lunch. Fresh and hot food, loved every bite!",positive,food
ZB-02337,2026-09-22,Saddar,Instagram,2,Went with family. Staff behaviour was unprofessional!,negative,service
ZB-02338,2026-09-22,Clifton,Google,1,Ordered on Friday night. Staff behaviour was unprofessional.,negative,service
ZB-02339,2026-09-22,Saddar,Instagram,4,"Rider bohat polite tha, time pe aya order.",positive,delivery
ZB-02340,2026-09-22,North Nazimabad,Foodpanda,1,Visited for lunch. Seating was uncomfortable an lighting too harsh 😞,negative,ambiance
ZB-02341,2026-09-22,DHA,Facebook,1,"Ordered on Friday night. Prices bohat zyada hain, paisa wasool nahi 😞",negative,price
ZB-02342,2026-09-23,Clifton,Instagram,5,Staff was very polite and helpful.,positive,service
ZB-02343,2026-09-23,DHA,Google,5,"Quick service, they remembered our rder perfectly.",positive,service
ZB-02344,2026-09-23,Clifton,Facebook,4,"Birthday dinner here. Great value for money, big portions!",positive,price
ZB-02345,2026-09-23,Gulshan,Facebook,3,"Visited for lunch. Delivery okay, food arrived lukewarm.",neutral,delivery
ZB-02346,2026-09-23,Clifton,Facebook,3,Ordered on Friday night. Portion was decent but flavour was ordinary.,neutral,food
ZB-02347,2026-09-23,Gulshan,Facebook,1,"Second time here. Waiter ka behavior bohat acha tha, but delivery took over 90 minutes and food was cold, chicken was undercooked, very disappointing.",negative,delivery
ZB-02348,2026-09-24,North Nazimabad,Google,1,"Went with family. AC kharab tha, bohat garmi thi.",negative,ambiance
ZB-02349,2026-09-24,Gulshan,Instagram,2,Birthday dinner here. Rider late aya aur order adhoora tha.,negative,delivery
ZB-02350,2026-09-24,Saddar,Foodpanda,3,Visited for lunch. Portion was decent but flavour was ordinary.,neutral,food
ZB-02351,2026-09-24,DHA,Foodpanda,5,Went with family. Delivery was super fast and food arrived hot 👍,positive,delivery
ZB-02352,2026-09-24,Gulshan,Facebook,5,"Visited for lunch. Lovely ambiance, perfect for family dinner!",positive,ambiance
ZB-02353,2026-09-24,Gulshan,Instagram,1,"Ordered on Friday night. Beautiful decor and comfortable seating, but floor was sticky and the place smelled bad 😞",negative,cleanliness
ZB-02354,2026-09-25,Gulshan,Instagram,2,"Dost ke saath gaye thay. Very clean restaurant, tables spotless, but packaging was leaking, gravy everywhere 😞",negative,delivery
ZB-02355,2026-09-25,North Nazimabad,Foodpanda,2,Birthday dinner here. Overpriced compared to other places in Karachi.,negative,price
ZB-02356,2026-09-25,Gulshan,Google,1,Went with family. Rider late aya aur order adhoora tha.,negative,delivery
ZB-02357,2026-09-25,North Nazimabad,Facebook,5,"Dost ke saath gaye thay. Great rooftop view, very relaxing vibe 👍",positive,ambiance
ZB-02358,2026-09-25,Saddar,Instagram,3,"Birthday dinner here. Service was average, not bad not great.",neutral,service
ZB-02359,2026-09-26,Gulshan,Google,2,"Visited for lunch. Very clean restaurant, tables spotless, but rider late aya aur order adhoora tha 😞",negative,delivery
ZB-02360,2026-09-26,Saddar,Facebook,2,"Ordered on Friday night. Safai bohat kharab thi, makhiyan thin, hidden harges added to the bill, very disappointing 😞",negative,cleanliness
ZB-02361,2026-09-26,Saddar,Facebook,4,"Visited for lunch. Order 25 minute mein pohanch gaya, great.",positive,delivery
ZB-02362,2026-09-26,Gulshan,Facebook,1,"Visited for lunch. Order wapis cancel karna para, delivery bohat late thi.",negative,delivery
ZB-02363,2026-09-26,DHA,Foodpanda,5,"Hygiene standards were great, staff wore gloves.",positive,cleanliness
ZB-02364,2026-09-26,Clifton,Google,3,"Fair pricing, nothin amazing.",neutral,price
ZB-02365,2026-09-26,Saddar,Foodpanda,2,Dost ke saath gaye thay. Floor was sticky and the place smelled bad 😞,negative,cleanliness
ZB-02366,2026-09-26,North Nazimabad,Instagram,5,"Birthday dinner here. Karahi bohat zabardast thi, taste lajawab!",positive,food
ZB-02367,2026-09-26,Gulshan,Facebook,1,"Birthday dinner here. The biryani was amazing, perfectly spiced, but found hair in the food, very unhygienic.",negative,cleanliness
ZB-02368,2026-09-26,Clifton,Google,5,"Prices bilkul reasonable hain, deal zabardast!",positive,price
ZB-02369,2026-09-27,Gulshan,Facebook,3,"Dost ke saath aye thay. Rider theek tha, order thora late aya.",neutral,delivery
ZB-02370,2026-09-27,Gulshan,Foodpanda,5,"Second time here. Karahi bohat zabardast thi, taste lajawab 👍",positive,food
ZB-02371,2026-09-27,Clifton,Foodpanda,4,"Visited for lunch. Mahol bohat acha tha, music aur seating lajawab.",positive,ambiance
ZB-02372,2026-09-27,Saddar,Foodpanda,5,Ordered on Friday night. Staff was very polite and helpful 👍,positive,service
ZB-02373,2026-09-27,Saddar,Facebook,3,"Ordered on Friday night. Food was okay, nothing special.",neutral,food
ZB-02374,2026-09-27,Gulshan,Facebook,4,"Manager personally checked on us, great service!",positive,service
ZB-02375,2026-09-27,Saddar,Google,2,Dost ke saath gaye thay. Floor was sticky and the place selled bad.,negative,cleanliness
ZB-02376,2026-09-28,Gulshan,Google,5,"Dost ke saath gaye thay. Karahi bohat zabardast thi, taste lajawab 👍",positive,food
ZB-02377,2026-09-28,DHA,Facebook,3,"Ordered on Friday night. Fair pricing, nothing amazing.",neutral,price
ZB-02378,2026-09-28,North Nazimabad,Google,5,"Manager personally checked on us, great service 👍",positive,service
ZB-02379,2026-09-28,North Nazimabad,Facebook,5,"Went with family. Quick service, they remembered our order perfectly 👍",positive,service
ZB-02380,2026-09-28,North Nazimabad,Facebook,1,"Went with family. Staff behaviour was unprofessional, tables were dirty and washroom was awful.",negative,service
ZB-02381,2026-09-29,Gulshan,Facebook,1,Ordered on Friday night. Waiter was rude and ignored us 😞,negative,service
ZB-02382,2026-09-29,Gulshan,Google,3,"Went with family. Rider theek tha, order thora late aya.",neutral,delivery
ZB-02383,2026-09-29,DHA,Facebook,5,"Went with family. Fresh and hot food, loved every bite.",positive,food
ZB-02384,2026-09-29,DHA,Google,1,Floor was sticky and the place smelled bad.,negative,cleanliness
ZB-02385,2026-09-29,Clifton,Facebook,2,"Second time here. Way too expensive for the portion size, floor was sticky and the place smelled bad.",negative,price
ZB-02386,2026-09-29,Saddar,Google,4,"Visited for lunch. Hygiene standards were great, staff wore gloves.",positive,cleanliness
ZB-02387,2026-09-29,Gulshan,Instagram,1,Rider late aya aur order adhoora tha!,negative,delivery
ZB-02388,2026-09-29,North Nazimabad,Facebook,5,"Visited for lunch. The biryani was amazing, perfectly spiced.",positive,food
ZB-02389,2026-09-29,DHA,Google,5,"Great value for money, big portions 👍",positive,price
ZB-02390,2026-09-30,North Nazimabad,Foodpanda,5,"Fresh and hot food, loved every bite.",positive,food
ZB-02391,2026-09-30,Clifton,Instagram,5,"Visited for lunch. The biryani was amazing, perfectly spiced 👍",positive,food
ZB-02392,2026-09-30,North Nazimabad,Instagram,4,Second time here. Naan was soft and thegravy was rich.,positive,food
ZB-02393,2026-09-30,North Nazimabad,Instagram,3,"Ordered on Friday night. Taste theek tha, bas average, service was average, not bad not great.",neutral,food
ZB-02394,2026-09-30,Clifton,Foodpanda,5,"Visited for lunch. Mahol bohat acha tha, music aur seating lajawab!",positive,ambiance
ZB-02395,2026-09-30,Clifton,Facebook,5,"Ordered on Friday night. Prices bilkul reasonable hain, deal zabardast.",positive,price
ZB-02396,2026-09-30,Clifton,Google,2,Went with family. Tables were dirty and washroom was awful.,negative,cleanliness
ZB-02397,2026-09-30,Gulshan,Google,5,"Waiter ka behavior bohat acha tha, great value for money, big portions.",positive,service
ZB-02398,2026-09-30,Clifton,Instagram,5,"Manager personally checked on us, great service 👍",positive,service
ZB-02399,2026-09-30,North Nazimabad,Foodpanda,4,"Khana bohat tasty tha, dil khush ho gaya!",positive,food
ZB-02400,2026-09-30,Gulshan,Instagram,1,"Second time here. Waiter ka behavior bohat acha tha, but karahi was too oily and salty.",negative,food
